ID_participant,cog_load,pft_stim,pft_operations,pft_trial_resp.corr,pft_trial_resp.rt,first_procedure,gender,age,vosi_object,vosi_spatial,exp_model,exp_photo,exp_math,exp_experiment,,,
1,0,PFT1.png,1,1,4.2668453,ATT,f,18,59,47,1,4,1,0,,,
1,0,PFT4.png,1,1,18.3504533,ATT,f,18,59,47,1,4,1,0,,,
1,0,PFT6.png,1,0,3.3543702,ATT,f,18,59,47,1,4,1,0,,,
1,0,PFT14.png,2,1,22.5407534,ATT,f,18,59,47,1,4,1,0,,,
1,0,PFT18.png,3,1,10.4494047,ATT,f,18,59,47,1,4,1,0,,,
1,0,PFT19.png,3,1,44.9945237,ATT,f,18,59,47,1,4,1,0,,,
1,0,PFT21.png,3,1,11.9214365,ATT,f,18,59,47,1,4,1,0,,,
1,0,PFT7.png,1,1,2.6590484,ATT,f,18,59,47,1,4,1,0,,,
1,0,PFT13.png,2,0,6.7557636,ATT,f,18,59,47,1,4,1,0,,,
1,0,PFT8.png,1,0,3.8075409,ATT,f,18,59,47,1,4,1,0,,,
1,0,PFT10.png,2,1,2.1024104,ATT,f,18,59,47,1,4,1,0,,,
1,0,PFT3.png,1,1,22.4393224,ATT,f,18,59,47,1,4,1,0,,,
1,0,PFT24.png,3,0,8.6588505,ATT,f,18,59,47,1,4,1,0,,,
1,0,PFT17.png,3,1,8.1650173,ATT,f,18,59,47,1,4,1,0,,,
1,0,PFT11.png,2,1,8.2762617,ATT,f,18,59,47,1,4,1,0,,,
1,0,PFT5.png,1,1,2.7423233,ATT,f,18,59,47,1,4,1,0,,,
1,0,PFT12.png,2,0,2.0728505,ATT,f,18,59,47,1,4,1,0,,,
1,0,PFT23.png,3,1,63.1590327,ATT,f,18,59,47,1,4,1,0,,,
1,0,PFT9.png,2,0,9.7554542,ATT,f,18,59,47,1,4,1,0,,,
1,0,PFT15.png,2,1,4.7956367,ATT,f,18,59,47,1,4,1,0,,,
1,0,PFT16.png,2,0,6.8281547,ATT,f,18,59,47,1,4,1,0,,,
1,0,PFT20.png,3,0,30.6143844,ATT,f,18,59,47,1,4,1,0,,,
1,0,PFT2.png,1,1,4.6026597,ATT,f,18,59,47,1,4,1,0,,,
1,0,PFT22.png,3,0,48.0971667,ATT,f,18,59,47,1,4,1,0,,,
2,0,PFT21.png,3,1,26.71443,ATT,f,20,68,43,4,5,7,0,,,
2,0,PFT16.png,2,0,6.434369,ATT,f,20,68,43,4,5,7,0,,,
2,0,PFT19.png,3,1,24.5261509,ATT,f,20,68,43,4,5,7,0,,,
2,0,PFT22.png,3,0,12.3773135,ATT,f,20,68,43,4,5,7,0,,,
2,0,PFT23.png,3,1,2.8303681,ATT,f,20,68,43,4,5,7,0,,,
2,0,PFT9.png,2,0,10.1005547,ATT,f,20,68,43,4,5,7,0,,,
2,0,PFT12.png,2,1,5.1199743,ATT,f,20,68,43,4,5,7,0,,,
2,0,PFT6.png,1,0,1.3051618,ATT,f,20,68,43,4,5,7,0,,,
2,0,PFT14.png,2,0,19.1948398,ATT,f,20,68,43,4,5,7,0,,,
2,0,PFT10.png,2,1,3.2376065,ATT,f,20,68,43,4,5,7,0,,,
2,0,PFT3.png,1,1,3.5277919,ATT,f,20,68,43,4,5,7,0,,,
2,0,PFT13.png,2,1,6.3390798,ATT,f,20,68,43,4,5,7,0,,,
2,0,PFT18.png,3,1,14.2222625,ATT,f,20,68,43,4,5,7,0,,,
2,0,PFT5.png,1,1,4.4671834,ATT,f,20,68,43,4,5,7,0,,,
2,0,PFT20.png,3,0,6.6582857,ATT,f,20,68,43,4,5,7,0,,,
2,0,PFT11.png,2,1,13.5054074,ATT,f,20,68,43,4,5,7,0,,,
2,0,PFT15.png,2,0,7.7364156,ATT,f,20,68,43,4,5,7,0,,,
2,0,PFT24.png,3,0,14.8719973,ATT,f,20,68,43,4,5,7,0,,,
2,0,PFT8.png,1,0,1.897861,ATT,f,20,68,43,4,5,7,0,,,
2,0,PFT2.png,1,1,2.0994164,ATT,f,20,68,43,4,5,7,0,,,
2,0,PFT1.png,1,1,1.7808415,ATT,f,20,68,43,4,5,7,0,,,
2,0,PFT7.png,1,1,3.6625386,ATT,f,20,68,43,4,5,7,0,,,
2,0,PFT17.png,3,1,5.2461573,ATT,f,20,68,43,4,5,7,0,,,
2,0,PFT4.png,1,1,3.8152309,ATT,f,20,68,43,4,5,7,0,,,
3,0,PFT5.png,1,1,2.1872736,ATT,f,23,66,53,1,4,5,1,,,
3,0,PFT8.png,1,0,1.3997514,ATT,f,23,66,53,1,4,5,1,,,
3,0,PFT9.png,2,1,4.8063725,ATT,f,23,66,53,1,4,5,1,,,
3,0,PFT3.png,1,0,4.5187634,ATT,f,23,66,53,1,4,5,1,,,
3,0,PFT20.png,3,0,8.250474,ATT,f,23,66,53,1,4,5,1,,,
3,0,PFT22.png,3,0,7.6163372,ATT,f,23,66,53,1,4,5,1,,,
3,0,PFT11.png,2,1,3.1515084,ATT,f,23,66,53,1,4,5,1,,,
3,0,PFT2.png,1,0,17.0862889,ATT,f,23,66,53,1,4,5,1,,,
3,0,PFT21.png,3,0,60.77606,ATT,f,23,66,53,1,4,5,1,,,
3,0,PFT18.png,3,1,3.9337187,ATT,f,23,66,53,1,4,5,1,,,
3,0,PFT7.png,1,1,2.7971903,ATT,f,23,66,53,1,4,5,1,,,
3,0,PFT12.png,2,0,11.8816405,ATT,f,23,66,53,1,4,5,1,,,
3,0,PFT15.png,2,1,9.0369859,ATT,f,23,66,53,1,4,5,1,,,
3,0,PFT16.png,2,1,4.9389484,ATT,f,23,66,53,1,4,5,1,,,
3,0,PFT1.png,1,1,2.1168419,ATT,f,23,66,53,1,4,5,1,,,
3,0,PFT13.png,2,1,2.3499687,ATT,f,23,66,53,1,4,5,1,,,
3,0,PFT10.png,2,1,3.2410682,ATT,f,23,66,53,1,4,5,1,,,
3,0,PFT4.png,1,0,11.7010987,ATT,f,23,66,53,1,4,5,1,,,
3,0,PFT6.png,1,0,1.5913876,ATT,f,23,66,53,1,4,5,1,,,
3,0,PFT23.png,3,1,9.8026064,ATT,f,23,66,53,1,4,5,1,,,
3,0,PFT17.png,3,1,17.7178061,ATT,f,23,66,53,1,4,5,1,,,
3,0,PFT19.png,3,0,13.9719133,ATT,f,23,66,53,1,4,5,1,,,
3,0,PFT24.png,3,0,2.4784846,ATT,f,23,66,53,1,4,5,1,,,
3,0,PFT14.png,2,1,23.5510317,ATT,f,23,66,53,1,4,5,1,,,
4,0,PFT15.png,2,1,2.4615822,ATT,f,20,45,28,1,3,5,0,,,
4,0,PFT17.png,3,1,2.5072321,ATT,f,20,45,28,1,3,5,0,,,
4,0,PFT22.png,3,0,2.538751,ATT,f,20,45,28,1,3,5,0,,,
4,0,PFT12.png,2,0,1.8044605,ATT,f,20,45,28,1,3,5,0,,,
4,0,PFT8.png,1,0,2.4996436,ATT,f,20,45,28,1,3,5,0,,,
4,0,PFT20.png,3,0,1.7834984,ATT,f,20,45,28,1,3,5,0,,,
4,0,PFT24.png,3,0,1.959825,ATT,f,20,45,28,1,3,5,0,,,
4,0,PFT10.png,2,1,1.2011601,ATT,f,20,45,28,1,3,5,0,,,
4,0,PFT16.png,2,1,3.2162201,ATT,f,20,45,28,1,3,5,0,,,
4,0,PFT9.png,2,1,3.1753239,ATT,f,20,45,28,1,3,5,0,,,
4,0,PFT2.png,1,1,3.4726175,ATT,f,20,45,28,1,3,5,0,,,
4,0,PFT5.png,1,1,1.0701409,ATT,f,20,45,28,1,3,5,0,,,
4,0,PFT23.png,3,1,2.6220941,ATT,f,20,45,28,1,3,5,0,,,
4,0,PFT6.png,1,0,0.9918916,ATT,f,20,45,28,1,3,5,0,,,
4,0,PFT18.png,3,1,3.1874853,ATT,f,20,45,28,1,3,5,0,,,
4,0,PFT4.png,1,1,2.1794831,ATT,f,20,45,28,1,3,5,0,,,
4,0,PFT7.png,1,1,1.4319908,ATT,f,20,45,28,1,3,5,0,,,
4,0,PFT11.png,2,1,6.0380126,ATT,f,20,45,28,1,3,5,0,,,
4,0,PFT13.png,2,1,2.6633048,ATT,f,20,45,28,1,3,5,0,,,
4,0,PFT3.png,1,1,1.2349505,ATT,f,20,45,28,1,3,5,0,,,
4,0,PFT19.png,3,1,1.30995,ATT,f,20,45,28,1,3,5,0,,,
4,0,PFT21.png,3,1,1.8790087,ATT,f,20,45,28,1,3,5,0,,,
4,0,PFT1.png,1,1,1.5261423,ATT,f,20,45,28,1,3,5,0,,,
4,0,PFT14.png,2,0,2.5685787,ATT,f,20,45,28,1,3,5,0,,,
11,0,PFT6.png,1,1,2.3312495,PFT,f,18,44,26,1,2,5,0,,,
11,0,PFT1.png,1,1,6.8426813,PFT,f,18,44,26,1,2,5,0,,,
11,0,PFT21.png,3,1,18.8221323,PFT,f,18,44,26,1,2,5,0,,,
11,0,PFT15.png,2,1,13.0290502,PFT,f,18,44,26,1,2,5,0,,,
11,0,PFT19.png,3,1,6.4478135,PFT,f,18,44,26,1,2,5,0,,,
11,0,PFT23.png,3,1,5.8878064,PFT,f,18,44,26,1,2,5,0,,,
11,0,PFT17.png,3,1,11.4914664,PFT,f,18,44,26,1,2,5,0,,,
11,0,PFT4.png,1,1,2.4754229,PFT,f,18,44,26,1,2,5,0,,,
11,0,PFT10.png,2,1,3.1970605,PFT,f,18,44,26,1,2,5,0,,,
11,0,PFT11.png,2,1,3.7167955,PFT,f,18,44,26,1,2,5,0,,,
11,0,PFT2.png,1,1,1.375533,PFT,f,18,44,26,1,2,5,0,,,
11,0,PFT8.png,1,1,1.6127589,PFT,f,18,44,26,1,2,5,0,,,
11,0,PFT3.png,1,1,1.7284095,PFT,f,18,44,26,1,2,5,0,,,
11,0,PFT13.png,2,1,4.0856932,PFT,f,18,44,26,1,2,5,0,,,
11,0,PFT24.png,3,1,4.9836456,PFT,f,18,44,26,1,2,5,0,,,
11,0,PFT20.png,3,0,21.0743153,PFT,f,18,44,26,1,2,5,0,,,
11,0,PFT5.png,1,1,1.7851594,PFT,f,18,44,26,1,2,5,0,,,
11,0,PFT18.png,3,1,6.0774499,PFT,f,18,44,26,1,2,5,0,,,
11,0,PFT16.png,2,1,4.685197,PFT,f,18,44,26,1,2,5,0,,,
11,0,PFT9.png,2,1,2.7675031,PFT,f,18,44,26,1,2,5,0,,,
11,0,PFT7.png,1,1,2.183424,PFT,f,18,44,26,1,2,5,0,,,
11,0,PFT12.png,2,0,3.9643581,PFT,f,18,44,26,1,2,5,0,,,
11,0,PFT14.png,2,1,6.003074,PFT,f,18,44,26,1,2,5,0,,,
11,0,PFT22.png,3,1,15.1670738,PFT,f,18,44,26,1,2,5,0,,,
12,0,PFT20.png,3,0,27.98042,PFT,m,18,58,47,1,3,3,0,,,
12,0,PFT23.png,3,1,16.2060154,PFT,m,18,58,47,1,3,3,0,,,
12,0,PFT10.png,2,1,11.1160029,PFT,m,18,58,47,1,3,3,0,,,
12,0,PFT4.png,1,1,2.945149,PFT,m,18,58,47,1,3,3,0,,,
12,0,PFT18.png,3,1,9.6807423,PFT,m,18,58,47,1,3,3,0,,,
12,0,PFT2.png,1,1,2.0896444,PFT,m,18,58,47,1,3,3,0,,,
12,0,PFT24.png,3,1,10.418011,PFT,m,18,58,47,1,3,3,0,,,
12,0,PFT21.png,3,1,22.2689367,PFT,m,18,58,47,1,3,3,0,,,
12,0,PFT9.png,2,1,10.8368752,PFT,m,18,58,47,1,3,3,0,,,
12,0,PFT3.png,1,1,2.8514636,PFT,m,18,58,47,1,3,3,0,,,
12,0,PFT8.png,1,1,2.6338209,PFT,m,18,58,47,1,3,3,0,,,
12,0,PFT14.png,2,0,24.3637374,PFT,m,18,58,47,1,3,3,0,,,
12,0,PFT6.png,1,1,2.442522,PFT,m,18,58,47,1,3,3,0,,,
12,0,PFT19.png,3,1,15.6744226,PFT,m,18,58,47,1,3,3,0,,,
12,0,PFT5.png,1,1,4.4815862,PFT,m,18,58,47,1,3,3,0,,,
12,0,PFT15.png,2,1,25.4230968,PFT,m,18,58,47,1,3,3,0,,,
12,0,PFT12.png,2,1,25.9429466,PFT,m,18,58,47,1,3,3,0,,,
12,0,PFT11.png,2,1,8.3905804,PFT,m,18,58,47,1,3,3,0,,,
12,0,PFT16.png,2,1,9.222352,PFT,m,18,58,47,1,3,3,0,,,
12,0,PFT22.png,3,0,32.9542704,PFT,m,18,58,47,1,3,3,0,,,
12,0,PFT7.png,1,1,3.3663396,PFT,m,18,58,47,1,3,3,0,,,
12,0,PFT13.png,2,1,3.4059941,PFT,m,18,58,47,1,3,3,0,,,
12,0,PFT17.png,3,1,5.1518075,PFT,m,18,58,47,1,3,3,0,,,
12,0,PFT1.png,1,1,3.4614688,PFT,m,18,58,47,1,3,3,0,,,
13,0,PFT1.png,1,1,1.7475094,PFT,f,21,57,34,1,5,5,1,,,
13,0,PFT11.png,2,1,2.0120675,PFT,f,21,57,34,1,5,5,1,,,
13,0,PFT13.png,2,1,8.6541376,PFT,f,21,57,34,1,5,5,1,,,
13,0,PFT3.png,1,1,1.3124122,PFT,f,21,57,34,1,5,5,1,,,
13,0,PFT8.png,1,1,1.9733744,PFT,f,21,57,34,1,5,5,1,,,
13,0,PFT12.png,2,1,5.0370423,PFT,f,21,57,34,1,5,5,1,,,
13,0,PFT23.png,3,0,10.1263737,PFT,f,21,57,34,1,5,5,1,,,
13,0,PFT7.png,1,1,2.0875923,PFT,f,21,57,34,1,5,5,1,,,
13,0,PFT16.png,2,1,4.570401,PFT,f,21,57,34,1,5,5,1,,,
13,0,PFT20.png,3,0,4.610545,PFT,f,21,57,34,1,5,5,1,,,
13,0,PFT22.png,3,0,15.6509834,PFT,f,21,57,34,1,5,5,1,,,
13,0,PFT19.png,3,1,12.4697198,PFT,f,21,57,34,1,5,5,1,,,
13,0,PFT10.png,2,1,2.3773152,PFT,f,21,57,34,1,5,5,1,,,
13,0,PFT2.png,1,1,1.9320298,PFT,f,21,57,34,1,5,5,1,,,
13,0,PFT18.png,3,1,7.0116366,PFT,f,21,57,34,1,5,5,1,,,
13,0,PFT17.png,3,1,5.4408291,PFT,f,21,57,34,1,5,5,1,,,
13,0,PFT4.png,1,1,1.8195635,PFT,f,21,57,34,1,5,5,1,,,
13,0,PFT5.png,1,1,1.2486443,PFT,f,21,57,34,1,5,5,1,,,
13,0,PFT9.png,2,1,2.5685306,PFT,f,21,57,34,1,5,5,1,,,
13,0,PFT14.png,2,1,17.3765076,PFT,f,21,57,34,1,5,5,1,,,
13,0,PFT24.png,3,1,4.8053974,PFT,f,21,57,34,1,5,5,1,,,
13,0,PFT6.png,1,1,1.9808734,PFT,f,21,57,34,1,5,5,1,,,
13,0,PFT21.png,3,1,6.323781,PFT,f,21,57,34,1,5,5,1,,,
13,0,PFT15.png,2,1,11.4724094,PFT,f,21,57,34,1,5,5,1,,,
14,0,PFT12.png,2,1,4.2720243,PFT,f,20,57,34,1,7,4,0,,,
14,0,PFT3.png,1,1,4.8543274,PFT,f,20,57,34,1,7,4,0,,,
14,0,PFT24.png,3,1,9.8382901,PFT,f,20,57,34,1,7,4,0,,,
14,0,PFT19.png,3,1,11.4849135,PFT,f,20,57,34,1,7,4,0,,,
14,0,PFT17.png,3,1,4.8751312,PFT,f,20,57,34,1,7,4,0,,,
14,0,PFT18.png,3,1,5.947325,PFT,f,20,57,34,1,7,4,0,,,
14,0,PFT13.png,2,1,3.4652039,PFT,f,20,57,34,1,7,4,0,,,
14,0,PFT20.png,3,0,31.2593093,PFT,f,20,57,34,1,7,4,0,,,
14,0,PFT8.png,1,1,5.1581639,PFT,f,20,57,34,1,7,4,0,,,
14,0,PFT6.png,1,0,5.2633064,PFT,f,20,57,34,1,7,4,0,,,
14,0,PFT14.png,2,1,27.0987283,PFT,f,20,57,34,1,7,4,0,,,
14,0,PFT4.png,1,1,6.9577633,PFT,f,20,57,34,1,7,4,0,,,
14,0,PFT15.png,2,1,13.214013,PFT,f,20,57,34,1,7,4,0,,,
14,0,PFT2.png,1,1,1.989254,PFT,f,20,57,34,1,7,4,0,,,
14,0,PFT21.png,3,0,28.091988,PFT,f,20,57,34,1,7,4,0,,,
14,0,PFT1.png,1,1,3.6476135,PFT,f,20,57,34,1,7,4,0,,,
14,0,PFT5.png,1,1,4.4347681,PFT,f,20,57,34,1,7,4,0,,,
14,0,PFT16.png,2,1,10.3802915,PFT,f,20,57,34,1,7,4,0,,,
14,0,PFT11.png,2,1,5.4073874,PFT,f,20,57,34,1,7,4,0,,,
14,0,PFT10.png,2,1,2.0619441,PFT,f,20,57,34,1,7,4,0,,,
14,0,PFT9.png,2,1,4.2042054,PFT,f,20,57,34,1,7,4,0,,,
14,0,PFT7.png,1,1,3.6603648,PFT,f,20,57,34,1,7,4,0,,,
14,0,PFT22.png,3,0,15.8137321,PFT,f,20,57,34,1,7,4,0,,,
14,0,PFT23.png,3,1,8.9978693,PFT,f,20,57,34,1,7,4,0,,,
5,0,PFT5.png,1,1,2.9766562,ATT,f,19,60,37,1,5,4,0,,,
5,0,PFT1.png,1,0,4.9300231,ATT,f,19,60,37,1,5,4,0,,,
5,0,PFT20.png,3,0,8.7322028,ATT,f,19,60,37,1,5,4,0,,,
5,0,PFT13.png,2,0,10.1269557,ATT,f,19,60,37,1,5,4,0,,,
5,0,PFT7.png,1,0,2.3688072,ATT,f,19,60,37,1,5,4,0,,,
5,0,PFT14.png,2,0,15.6664167,ATT,f,19,60,37,1,5,4,0,,,
5,0,PFT3.png,1,0,4.5620217,ATT,f,19,60,37,1,5,4,0,,,
5,0,PFT15.png,2,0,12.5748657,ATT,f,19,60,37,1,5,4,0,,,
5,0,PFT19.png,3,0,15.5052033,ATT,f,19,60,37,1,5,4,0,,,
5,0,PFT9.png,2,0,4.5667691,ATT,f,19,60,37,1,5,4,0,,,
5,0,PFT22.png,3,1,6.44602,ATT,f,19,60,37,1,5,4,0,,,
5,0,PFT21.png,3,0,3.1860118,ATT,f,19,60,37,1,5,4,0,,,
5,0,PFT6.png,1,0,5.0298799,ATT,f,19,60,37,1,5,4,0,,,
5,0,PFT24.png,3,0,13.5452456,ATT,f,19,60,37,1,5,4,0,,,
5,0,PFT12.png,2,0,7.6370239,ATT,f,19,60,37,1,5,4,0,,,
5,0,PFT17.png,3,0,5.5774361,ATT,f,19,60,37,1,5,4,0,,,
5,0,PFT18.png,3,1,5.7453823,ATT,f,19,60,37,1,5,4,0,,,
5,0,PFT8.png,1,0,2.685311,ATT,f,19,60,37,1,5,4,0,,,
5,0,PFT10.png,2,0,1.7048434,ATT,f,19,60,37,1,5,4,0,,,
5,0,PFT2.png,1,1,2.6175091,ATT,f,19,60,37,1,5,4,0,,,
5,0,PFT23.png,3,0,8.8567018,ATT,f,19,60,37,1,5,4,0,,,
5,0,PFT16.png,2,0,5.9631059,ATT,f,19,60,37,1,5,4,0,,,
5,0,PFT4.png,1,0,2.1747247,ATT,f,19,60,37,1,5,4,0,,,
5,0,PFT11.png,2,0,3.7496068,ATT,f,19,60,37,1,5,4,0,,,
15,0,PFT11.png,2,0,2.9482952,PFT,f,21,62,38,1,4,2,0,,,
15,0,PFT7.png,1,1,2.0040463,PFT,f,21,62,38,1,4,2,0,,,
15,0,PFT1.png,1,1,4.6046036,PFT,f,21,62,38,1,4,2,0,,,
15,0,PFT2.png,1,1,1.6323949,PFT,f,21,62,38,1,4,2,0,,,
15,0,PFT20.png,3,0,14.8940379,PFT,f,21,62,38,1,4,2,0,,,
15,0,PFT8.png,1,1,1.5409895,PFT,f,21,62,38,1,4,2,0,,,
15,0,PFT17.png,3,1,6.1842004,PFT,f,21,62,38,1,4,2,0,,,
15,0,PFT21.png,3,1,6.5098628,PFT,f,21,62,38,1,4,2,0,,,
15,0,PFT5.png,1,1,3.1601049,PFT,f,21,62,38,1,4,2,0,,,
15,0,PFT14.png,2,0,4.9041503,PFT,f,21,62,38,1,4,2,0,,,
15,0,PFT23.png,3,0,10.3520803,PFT,f,21,62,38,1,4,2,0,,,
15,0,PFT6.png,1,1,2.2924067,PFT,f,21,62,38,1,4,2,0,,,
15,0,PFT12.png,2,1,2.5161016,PFT,f,21,62,38,1,4,2,0,,,
15,0,PFT18.png,3,0,8.5516576,PFT,f,21,62,38,1,4,2,0,,,
15,0,PFT19.png,3,0,2.4825953,PFT,f,21,62,38,1,4,2,0,,,
15,0,PFT3.png,1,1,1.9189299,PFT,f,21,62,38,1,4,2,0,,,
15,0,PFT22.png,3,0,8.1270134,PFT,f,21,62,38,1,4,2,0,,,
15,0,PFT13.png,2,1,7.7908226,PFT,f,21,62,38,1,4,2,0,,,
15,0,PFT4.png,1,1,2.1704856,PFT,f,21,62,38,1,4,2,0,,,
15,0,PFT16.png,2,1,3.4255729,PFT,f,21,62,38,1,4,2,0,,,
15,0,PFT15.png,2,0,10.2295702,PFT,f,21,62,38,1,4,2,0,,,
15,0,PFT24.png,3,1,7.1481492,PFT,f,21,62,38,1,4,2,0,,,
15,0,PFT9.png,2,0,6.2940814,PFT,f,21,62,38,1,4,2,0,,,
15,0,PFT10.png,2,0,3.5965927,PFT,f,21,62,38,1,4,2,0,,,
6,0,PFT2.png,1,1,12.2679651,ATT,f,21,60,40,1,2,4,0,,,
6,0,PFT20.png,3,0,26.018545,ATT,f,21,60,40,1,2,4,0,,,
6,0,PFT7.png,1,0,4.7773713,ATT,f,21,60,40,1,2,4,0,,,
6,0,PFT24.png,3,1,42.7231087,ATT,f,21,60,40,1,2,4,0,,,
6,0,PFT5.png,1,1,2.7642979,ATT,f,21,60,40,1,2,4,0,,,
6,0,PFT10.png,2,0,2.8453559,ATT,f,21,60,40,1,2,4,0,,,
6,0,PFT23.png,3,0,4.6181713,ATT,f,21,60,40,1,2,4,0,,,
6,0,PFT9.png,2,0,23.3693297,ATT,f,21,60,40,1,2,4,0,,,
6,0,PFT19.png,3,0,6.3080923,ATT,f,21,60,40,1,2,4,0,,,
6,0,PFT8.png,1,0,2.5658895,ATT,f,21,60,40,1,2,4,0,,,
6,0,PFT14.png,2,0,11.5997389,ATT,f,21,60,40,1,2,4,0,,,
6,0,PFT4.png,1,0,2.1810506,ATT,f,21,60,40,1,2,4,0,,,
6,0,PFT22.png,3,1,14.1712892,ATT,f,21,60,40,1,2,4,0,,,
6,0,PFT1.png,1,0,2.0052978,ATT,f,21,60,40,1,2,4,0,,,
6,0,PFT12.png,2,0,4.2382526,ATT,f,21,60,40,1,2,4,0,,,
6,0,PFT18.png,3,1,4.4042594,ATT,f,21,60,40,1,2,4,0,,,
6,0,PFT3.png,1,0,12.8756626,ATT,f,21,60,40,1,2,4,0,,,
6,0,PFT17.png,3,0,11.5267296,ATT,f,21,60,40,1,2,4,0,,,
6,0,PFT13.png,2,0,4.7719757,ATT,f,21,60,40,1,2,4,0,,,
6,0,PFT15.png,2,0,14.4718834,ATT,f,21,60,40,1,2,4,0,,,
6,0,PFT16.png,2,0,18.8086891,ATT,f,21,60,40,1,2,4,0,,,
6,0,PFT6.png,1,0,3.4012014,ATT,f,21,60,40,1,2,4,0,,,
6,0,PFT21.png,3,0,21.0595031,ATT,f,21,60,40,1,2,4,0,,,
6,0,PFT11.png,2,0,3.5875478,ATT,f,21,60,40,1,2,4,0,,,
21,1,PFT13.png,2,0,10.017499,ATT,f,19,66,38,1,7,6,0,,,
21,1,PFT1.png,1,0,5.6606095,ATT,f,19,66,38,1,7,6,0,,,
21,1,PFT18.png,3,1,20.2119151,ATT,f,19,66,38,1,7,6,0,,,
21,1,PFT15.png,2,0,20.66823,ATT,f,19,66,38,1,7,6,0,,,
21,1,PFT2.png,1,1,6.5346047,ATT,f,19,66,38,1,7,6,0,,,
21,1,PFT10.png,2,0,8.5441642,ATT,f,19,66,38,1,7,6,0,,,
21,1,PFT22.png,3,1,13.6265067,ATT,f,19,66,38,1,7,6,0,,,
21,1,PFT16.png,2,0,20.3153974,ATT,f,19,66,38,1,7,6,0,,,
21,1,PFT4.png,1,0,2.38258,ATT,f,19,66,38,1,7,6,0,,,
21,1,PFT19.png,3,0,7.8071006,ATT,f,19,66,38,1,7,6,0,,,
21,1,PFT23.png,3,0,18.5074132,ATT,f,19,66,38,1,7,6,0,,,
21,1,PFT17.png,3,0,11.3046079,ATT,f,19,66,38,1,7,6,0,,,
21,1,PFT20.png,3,1,29.7674536,ATT,f,19,66,38,1,7,6,0,,,
21,1,PFT21.png,3,0,22.4547667,ATT,f,19,66,38,1,7,6,0,,,
21,1,PFT8.png,1,0,6.3023429,ATT,f,19,66,38,1,7,6,0,,,
21,1,PFT14.png,2,0,10.9550906,ATT,f,19,66,38,1,7,6,0,,,
21,1,PFT11.png,2,0,27.9217436,ATT,f,19,66,38,1,7,6,0,,,
21,1,PFT6.png,1,0,1.8663996,ATT,f,19,66,38,1,7,6,0,,,
21,1,PFT12.png,2,0,8.5097832,ATT,f,19,66,38,1,7,6,0,,,
21,1,PFT9.png,2,0,2.5094641,ATT,f,19,66,38,1,7,6,0,,,
21,1,PFT5.png,1,1,1.7561883,ATT,f,19,66,38,1,7,6,0,,,
21,1,PFT24.png,3,0,13.0694952,ATT,f,19,66,38,1,7,6,0,,,
21,1,PFT3.png,1,0,4.1729031,ATT,f,19,66,38,1,7,6,0,,,
21,1,PFT7.png,1,0,2.216948,ATT,f,19,66,38,1,7,6,0,,,
22,1,PFT17.png,3,0,5.1466865,ATT,f,19,54,44,1,3,4,0,,,
22,1,PFT7.png,1,1,3.6495265,ATT,f,19,54,44,1,3,4,0,,,
22,1,PFT3.png,1,0,6.3530647,ATT,f,19,54,44,1,3,4,0,,,
22,1,PFT5.png,1,1,4.623319,ATT,f,19,54,44,1,3,4,0,,,
22,1,PFT13.png,2,0,6.7646492,ATT,f,19,54,44,1,3,4,0,,,
22,1,PFT19.png,3,0,9.011038,ATT,f,19,54,44,1,3,4,0,,,
22,1,PFT15.png,2,1,6.3248246,ATT,f,19,54,44,1,3,4,0,,,
22,1,PFT1.png,1,1,7.9449378,ATT,f,19,54,44,1,3,4,0,,,
22,1,PFT20.png,3,0,6.2516084,ATT,f,19,54,44,1,3,4,0,,,
22,1,PFT23.png,3,1,3.5560565,ATT,f,19,54,44,1,3,4,0,,,
22,1,PFT9.png,2,0,5.0370488,ATT,f,19,54,44,1,3,4,0,,,
22,1,PFT11.png,2,1,5.2830849,ATT,f,19,54,44,1,3,4,0,,,
22,1,PFT8.png,1,1,2.5066737,ATT,f,19,54,44,1,3,4,0,,,
22,1,PFT4.png,1,1,3.0268293,ATT,f,19,54,44,1,3,4,0,,,
22,1,PFT22.png,3,0,8.7615423,ATT,f,19,54,44,1,3,4,0,,,
22,1,PFT24.png,3,0,7.2388864,ATT,f,19,54,44,1,3,4,0,,,
22,1,PFT14.png,2,1,8.2776492,ATT,f,19,54,44,1,3,4,0,,,
22,1,PFT10.png,2,0,1.9729314,ATT,f,19,54,44,1,3,4,0,,,
22,1,PFT2.png,1,1,4.3406888,ATT,f,19,54,44,1,3,4,0,,,
22,1,PFT16.png,2,0,2.3040285,ATT,f,19,54,44,1,3,4,0,,,
22,1,PFT6.png,1,1,3.2777894,ATT,f,19,54,44,1,3,4,0,,,
22,1,PFT12.png,2,0,7.9118498,ATT,f,19,54,44,1,3,4,0,,,
22,1,PFT21.png,3,1,2.252147,ATT,f,19,54,44,1,3,4,0,,,
22,1,PFT18.png,3,0,7.7881484,ATT,f,19,54,44,1,3,4,0,,,
31,1,PFT11.png,2,1,17.3107151,PFT,f,19,60,37,1,6,4,0,,,
31,1,PFT17.png,3,1,13.4026011,PFT,f,19,60,37,1,6,4,0,,,
31,1,PFT5.png,1,1,2.741876,PFT,f,19,60,37,1,6,4,0,,,
31,1,PFT19.png,3,1,12.0190104,PFT,f,19,60,37,1,6,4,0,,,
31,1,PFT3.png,1,1,2.7490324,PFT,f,19,60,37,1,6,4,0,,,
31,1,PFT20.png,3,0,50.1853849,PFT,f,19,60,37,1,6,4,0,,,
31,1,PFT7.png,1,1,3.8961804,PFT,f,19,60,37,1,6,4,0,,,
31,1,PFT15.png,2,1,13.0315169,PFT,f,19,60,37,1,6,4,0,,,
31,1,PFT13.png,2,1,7.7735905,PFT,f,19,60,37,1,6,4,0,,,
31,1,PFT18.png,3,1,15.6114264,PFT,f,19,60,37,1,6,4,0,,,
31,1,PFT8.png,1,1,2.5069905,PFT,f,19,60,37,1,6,4,0,,,
31,1,PFT1.png,1,1,2.2872533,PFT,f,19,60,37,1,6,4,0,,,
31,1,PFT14.png,2,1,16.0326911,PFT,f,19,60,37,1,6,4,0,,,
31,1,PFT12.png,2,1,3.8217138,PFT,f,19,60,37,1,6,4,0,,,
31,1,PFT21.png,3,0,15.8184621,PFT,f,19,60,37,1,6,4,0,,,
31,1,PFT6.png,1,0,3.4402312,PFT,f,19,60,37,1,6,4,0,,,
31,1,PFT23.png,3,0,23.0525838,PFT,f,19,60,37,1,6,4,0,,,
31,1,PFT16.png,2,1,6.5021136,PFT,f,19,60,37,1,6,4,0,,,
31,1,PFT2.png,1,1,2.8252737,PFT,f,19,60,37,1,6,4,0,,,
31,1,PFT4.png,1,1,3.277606,PFT,f,19,60,37,1,6,4,0,,,
31,1,PFT24.png,3,1,11.4387968,PFT,f,19,60,37,1,6,4,0,,,
31,1,PFT10.png,2,1,1.8282945,PFT,f,19,60,37,1,6,4,0,,,
31,1,PFT22.png,3,0,39.9625292,PFT,f,19,60,37,1,6,4,0,,,
31,1,PFT9.png,2,1,9.5245329,PFT,f,19,60,37,1,6,4,0,,,
32,1,PFT18.png,3,1,7.9789414,PFT,f,19,60,31,1,5,3,0,,,
32,1,PFT8.png,1,0,2.9239962,PFT,f,19,60,31,1,5,3,0,,,
32,1,PFT19.png,3,0,14.042087,PFT,f,19,60,31,1,5,3,0,,,
32,1,PFT13.png,2,0,4.493288,PFT,f,19,60,31,1,5,3,0,,,
32,1,PFT7.png,1,1,2.9029558,PFT,f,19,60,31,1,5,3,0,,,
32,1,PFT15.png,2,1,10.3800182,PFT,f,19,60,31,1,5,3,0,,,
32,1,PFT23.png,3,0,14.269773,PFT,f,19,60,31,1,5,3,0,,,
32,1,PFT2.png,1,1,2.1614766,PFT,f,19,60,31,1,5,3,0,,,
32,1,PFT10.png,2,1,10.7808518,PFT,f,19,60,31,1,5,3,0,,,
32,1,PFT3.png,1,1,1.8376684,PFT,f,19,60,31,1,5,3,0,,,
32,1,PFT6.png,1,1,2.7502376,PFT,f,19,60,31,1,5,3,0,,,
32,1,PFT20.png,3,0,11.2455504,PFT,f,19,60,31,1,5,3,0,,,
32,1,PFT12.png,2,0,9.4767165,PFT,f,19,60,31,1,5,3,0,,,
32,1,PFT11.png,2,0,10.1361495,PFT,f,19,60,31,1,5,3,0,,,
32,1,PFT14.png,2,1,6.286908,PFT,f,19,60,31,1,5,3,0,,,
32,1,PFT21.png,3,0,14.7015749,PFT,f,19,60,31,1,5,3,0,,,
32,1,PFT16.png,2,1,3.9513986,PFT,f,19,60,31,1,5,3,0,,,
32,1,PFT1.png,1,1,2.4807217,PFT,f,19,60,31,1,5,3,0,,,
32,1,PFT5.png,1,1,2.0442816,PFT,f,19,60,31,1,5,3,0,,,
32,1,PFT22.png,3,1,14.4314479,PFT,f,19,60,31,1,5,3,0,,,
32,1,PFT24.png,3,1,8.822518,PFT,f,19,60,31,1,5,3,0,,,
32,1,PFT4.png,1,1,1.5905178,PFT,f,19,60,31,1,5,3,0,,,
32,1,PFT9.png,2,0,2.4302672,PFT,f,19,60,31,1,5,3,0,,,
32,1,PFT17.png,3,1,3.4464991,PFT,f,19,60,31,1,5,3,0,,,
23,1,PFT9.png,2,1,3.5285404,ATT,f,19,40,35,1,3,4,0,,,
23,1,PFT11.png,2,0,4.9693409,ATT,f,19,40,35,1,3,4,0,,,
23,1,PFT5.png,1,1,2.4138786,ATT,f,19,40,35,1,3,4,0,,,
23,1,PFT12.png,2,0,1.4623983,ATT,f,19,40,35,1,3,4,0,,,
23,1,PFT18.png,3,0,14.3938038,ATT,f,19,40,35,1,3,4,0,,,
23,1,PFT23.png,3,1,5.3138811,ATT,f,19,40,35,1,3,4,0,,,
23,1,PFT22.png,3,0,3.4996188,ATT,f,19,40,35,1,3,4,0,,,
23,1,PFT19.png,3,1,7.0344015,ATT,f,19,40,35,1,3,4,0,,,
23,1,PFT20.png,3,0,9.5833399,ATT,f,19,40,35,1,3,4,0,,,
23,1,PFT2.png,1,1,5.1133336,ATT,f,19,40,35,1,3,4,0,,,
23,1,PFT13.png,2,0,3.0742931,ATT,f,19,40,35,1,3,4,0,,,
23,1,PFT16.png,2,1,4.514782,ATT,f,19,40,35,1,3,4,0,,,
23,1,PFT21.png,3,0,10.2184951,ATT,f,19,40,35,1,3,4,0,,,
23,1,PFT10.png,2,0,5.600816,ATT,f,19,40,35,1,3,4,0,,,
23,1,PFT17.png,3,1,4.4337363,ATT,f,19,40,35,1,3,4,0,,,
23,1,PFT14.png,2,0,12.3646003,ATT,f,19,40,35,1,3,4,0,,,
23,1,PFT6.png,1,1,2.9333571,ATT,f,19,40,35,1,3,4,0,,,
23,1,PFT24.png,3,0,23.0913856,ATT,f,19,40,35,1,3,4,0,,,
23,1,PFT3.png,1,1,3.7882365,ATT,f,19,40,35,1,3,4,0,,,
23,1,PFT4.png,1,1,1.9575249,ATT,f,19,40,35,1,3,4,0,,,
23,1,PFT15.png,2,0,29.0616559,ATT,f,19,40,35,1,3,4,0,,,
23,1,PFT1.png,1,1,3.8814114,ATT,f,19,40,35,1,3,4,0,,,
23,1,PFT7.png,1,1,7.9172465,ATT,f,19,40,35,1,3,4,0,,,
23,1,PFT8.png,1,1,1.9199435,ATT,f,19,40,35,1,3,4,0,,,
33,1,PFT20.png,3,0,20.8480218,PFT,f,20,52,40,1,5,7,0,,,
33,1,PFT9.png,2,1,19.2765187,PFT,f,20,52,40,1,5,7,0,,,
33,1,PFT7.png,1,1,5.9527617,PFT,f,20,52,40,1,5,7,0,,,
33,1,PFT18.png,3,0,33.4529222,PFT,f,20,52,40,1,5,7,0,,,
33,1,PFT1.png,1,1,8.7709324,PFT,f,20,52,40,1,5,7,0,,,
33,1,PFT17.png,3,1,28.0368078,PFT,f,20,52,40,1,5,7,0,,,
33,1,PFT4.png,1,1,12.2957259,PFT,f,20,52,40,1,5,7,0,,,
33,1,PFT2.png,1,1,5.4362617,PFT,f,20,52,40,1,5,7,0,,,
33,1,PFT5.png,1,1,5.8584854,PFT,f,20,52,40,1,5,7,0,,,
33,1,PFT8.png,1,1,4.89598,PFT,f,20,52,40,1,5,7,0,,,
33,1,PFT13.png,2,1,16.9010148,PFT,f,20,52,40,1,5,7,0,,,
33,1,PFT24.png,3,1,8.9185661,PFT,f,20,52,40,1,5,7,0,,,
33,1,PFT22.png,3,0,34.4478112,PFT,f,20,52,40,1,5,7,0,,,
33,1,PFT11.png,2,0,23.0913411,PFT,f,20,52,40,1,5,7,0,,,
33,1,PFT15.png,2,1,24.9832801,PFT,f,20,52,40,1,5,7,0,,,
33,1,PFT12.png,2,0,30.384414,PFT,f,20,52,40,1,5,7,0,,,
33,1,PFT14.png,2,0,35.1605222,PFT,f,20,52,40,1,5,7,0,,,
33,1,PFT10.png,2,1,20.8428855,PFT,f,20,52,40,1,5,7,0,,,
33,1,PFT21.png,3,0,34.8149722,PFT,f,20,52,40,1,5,7,0,,,
33,1,PFT19.png,3,0,34.0958129,PFT,f,20,52,40,1,5,7,0,,,
33,1,PFT6.png,1,1,3.6347172,PFT,f,20,52,40,1,5,7,0,,,
33,1,PFT3.png,1,1,3.5655799,PFT,f,20,52,40,1,5,7,0,,,
33,1,PFT16.png,2,0,23.2686833,PFT,f,20,52,40,1,5,7,0,,,
33,1,PFT23.png,3,0,21.3798797,PFT,f,20,52,40,1,5,7,0,,,
24,1,PFT14.png,2,1,21.1575784,ATT,f,20,50,38,1,3,5,0,,,
24,1,PFT11.png,2,1,7.7950186,ATT,f,20,50,38,1,3,5,0,,,
24,1,PFT2.png,1,1,1.8066682,ATT,f,20,50,38,1,3,5,0,,,
24,1,PFT13.png,2,1,12.7918723,ATT,f,20,50,38,1,3,5,0,,,
24,1,PFT12.png,2,1,1.889917,ATT,f,20,50,38,1,3,5,0,,,
24,1,PFT8.png,1,1,1.7386409,ATT,f,20,50,38,1,3,5,0,,,
24,1,PFT3.png,1,1,1.2109927,ATT,f,20,50,38,1,3,5,0,,,
24,1,PFT1.png,1,1,1.4986769,ATT,f,20,50,38,1,3,5,0,,,
24,1,PFT17.png,3,1,2.2750939,ATT,f,20,50,38,1,3,5,0,,,
24,1,PFT6.png,1,1,3.7220908,ATT,f,20,50,38,1,3,5,0,,,
24,1,PFT18.png,3,1,2.9617737,ATT,f,20,50,38,1,3,5,0,,,
24,1,PFT19.png,3,0,10.1441293,ATT,f,20,50,38,1,3,5,0,,,
24,1,PFT10.png,2,1,3.8159115,ATT,f,20,50,38,1,3,5,0,,,
24,1,PFT9.png,2,1,3.1427924,ATT,f,20,50,38,1,3,5,0,,,
24,1,PFT24.png,3,1,4.052316,ATT,f,20,50,38,1,3,5,0,,,
24,1,PFT21.png,3,1,10.3212646,ATT,f,20,50,38,1,3,5,0,,,
24,1,PFT22.png,3,0,13.0440757,ATT,f,20,50,38,1,3,5,0,,,
24,1,PFT20.png,3,0,18.6507646,ATT,f,20,50,38,1,3,5,0,,,
24,1,PFT15.png,2,0,10.8451117,ATT,f,20,50,38,1,3,5,0,,,
24,1,PFT4.png,1,1,2.5337216,ATT,f,20,50,38,1,3,5,0,,,
24,1,PFT7.png,1,1,1.9208893,ATT,f,20,50,38,1,3,5,0,,,
24,1,PFT23.png,3,1,19.1728702,ATT,f,20,50,38,1,3,5,0,,,
24,1,PFT16.png,2,0,7.092881,ATT,f,20,50,38,1,3,5,0,,,
24,1,PFT5.png,1,1,1.8780821,ATT,f,20,50,38,1,3,5,0,,,
34,1,PFT4.png,1,1,5.7700023,PFT,f,19,57,41,3,6,6,0,,,
34,1,PFT14.png,2,1,12.1810012,PFT,f,19,57,41,3,6,6,0,,,
34,1,PFT8.png,1,1,4.5351108,PFT,f,19,57,41,3,6,6,0,,,
34,1,PFT24.png,3,1,4.8847432,PFT,f,19,57,41,3,6,6,0,,,
34,1,PFT12.png,2,1,4.184434,PFT,f,19,57,41,3,6,6,0,,,
34,1,PFT10.png,2,1,2.914194,PFT,f,19,57,41,3,6,6,0,,,
34,1,PFT16.png,2,0,13.2648966,PFT,f,19,57,41,3,6,6,0,,,
34,1,PFT18.png,3,1,8.9447674,PFT,f,19,57,41,3,6,6,0,,,
34,1,PFT23.png,3,1,29.6957347,PFT,f,19,57,41,3,6,6,0,,,
34,1,PFT5.png,1,1,4.5900516,PFT,f,19,57,41,3,6,6,0,,,
34,1,PFT15.png,2,1,23.0063083,PFT,f,19,57,41,3,6,6,0,,,
34,1,PFT20.png,3,0,34.6325234,PFT,f,19,57,41,3,6,6,0,,,
34,1,PFT1.png,1,1,3.9987514,PFT,f,19,57,41,3,6,6,0,,,
34,1,PFT6.png,1,1,2.5590821,PFT,f,19,57,41,3,6,6,0,,,
34,1,PFT9.png,2,1,3.4510435,PFT,f,19,57,41,3,6,6,0,,,
34,1,PFT2.png,1,1,3.0289625,PFT,f,19,57,41,3,6,6,0,,,
34,1,PFT11.png,2,1,4.6082784,PFT,f,19,57,41,3,6,6,0,,,
34,1,PFT17.png,3,1,5.8957009,PFT,f,19,57,41,3,6,6,0,,,
34,1,PFT19.png,3,1,5.2037142,PFT,f,19,57,41,3,6,6,0,,,
34,1,PFT7.png,1,1,4.14516,PFT,f,19,57,41,3,6,6,0,,,
34,1,PFT21.png,3,1,12.5722772,PFT,f,19,57,41,3,6,6,0,,,
34,1,PFT3.png,1,1,5.8003509,PFT,f,19,57,41,3,6,6,0,,,
34,1,PFT22.png,3,0,25.1488674,PFT,f,19,57,41,3,6,6,0,,,
34,1,PFT13.png,2,1,2.3019604,PFT,f,19,57,41,3,6,6,0,,,
25,1,PFT18.png,3,1,7.6902749,ATT,f,21,69,38,1,5,2,0,,,
25,1,PFT11.png,2,1,7.6718335,ATT,f,21,69,38,1,5,2,0,,,
25,1,PFT1.png,1,1,7.5122542,ATT,f,21,69,38,1,5,2,0,,,
25,1,PFT9.png,2,0,10.0447127,ATT,f,21,69,38,1,5,2,0,,,
25,1,PFT10.png,2,0,9.227218,ATT,f,21,69,38,1,5,2,0,,,
25,1,PFT19.png,3,0,4.9027755,ATT,f,21,69,38,1,5,2,0,,,
25,1,PFT21.png,3,0,9.2317631,ATT,f,21,69,38,1,5,2,0,,,
25,1,PFT22.png,3,0,8.9228472,ATT,f,21,69,38,1,5,2,0,,,
25,1,PFT8.png,1,1,10.1001494,ATT,f,21,69,38,1,5,2,0,,,
25,1,PFT4.png,1,1,4.0442872,ATT,f,21,69,38,1,5,2,0,,,
25,1,PFT7.png,1,1,10.694203,ATT,f,21,69,38,1,5,2,0,,,
25,1,PFT24.png,3,1,6.7441061,ATT,f,21,69,38,1,5,2,0,,,
25,1,PFT15.png,2,0,7.4051132,ATT,f,21,69,38,1,5,2,0,,,
25,1,PFT16.png,2,0,5.1354559,ATT,f,21,69,38,1,5,2,0,,,
25,1,PFT2.png,1,1,4.0709999,ATT,f,21,69,38,1,5,2,0,,,
25,1,PFT5.png,1,1,4.4878142,ATT,f,21,69,38,1,5,2,0,,,
25,1,PFT23.png,3,0,8.1160956,ATT,f,21,69,38,1,5,2,0,,,
25,1,PFT17.png,3,1,7.7737097,ATT,f,21,69,38,1,5,2,0,,,
25,1,PFT3.png,1,1,3.4760802,ATT,f,21,69,38,1,5,2,0,,,
25,1,PFT12.png,2,1,3.9512105,ATT,f,21,69,38,1,5,2,0,,,
25,1,PFT14.png,2,0,7.6199612,ATT,f,21,69,38,1,5,2,0,,,
25,1,PFT20.png,3,0,6.3273323,ATT,f,21,69,38,1,5,2,0,,,
25,1,PFT6.png,1,1,2.406199,ATT,f,21,69,38,1,5,2,0,,,
25,1,PFT13.png,2,0,8.2244567,ATT,f,21,69,38,1,5,2,0,,,
26,1,PFT16.png,2,0,9.1691421,ATT,f,19,55,40,1,3,6,1,,,
26,1,PFT8.png,1,1,3.9814425,ATT,f,19,55,40,1,3,6,1,,,
26,1,PFT19.png,3,1,10.5153621,ATT,f,19,55,40,1,3,6,1,,,
26,1,PFT5.png,1,1,1.8630602,ATT,f,19,55,40,1,3,6,1,,,
26,1,PFT4.png,1,1,2.977976,ATT,f,19,55,40,1,3,6,1,,,
26,1,PFT13.png,2,1,4.8702879,ATT,f,19,55,40,1,3,6,1,,,
26,1,PFT2.png,1,1,2.1044576,ATT,f,19,55,40,1,3,6,1,,,
26,1,PFT11.png,2,1,10.6932262,ATT,f,19,55,40,1,3,6,1,,,
26,1,PFT6.png,1,1,1.9391612,ATT,f,19,55,40,1,3,6,1,,,
26,1,PFT9.png,2,1,8.4401156,ATT,f,19,55,40,1,3,6,1,,,
26,1,PFT15.png,2,1,21.6819118,ATT,f,19,55,40,1,3,6,1,,,
26,1,PFT12.png,2,0,11.9637172,ATT,f,19,55,40,1,3,6,1,,,
26,1,PFT10.png,2,1,8.8853351,ATT,f,19,55,40,1,3,6,1,,,
26,1,PFT23.png,3,0,8.2154454,ATT,f,19,55,40,1,3,6,1,,,
26,1,PFT17.png,3,1,23.8714764,ATT,f,19,55,40,1,3,6,1,,,
26,1,PFT21.png,3,1,19.2307558,ATT,f,19,55,40,1,3,6,1,,,
26,1,PFT24.png,3,1,5.0746661,ATT,f,19,55,40,1,3,6,1,,,
26,1,PFT3.png,1,1,3.4842294,ATT,f,19,55,40,1,3,6,1,,,
26,1,PFT22.png,3,0,22.5198463,ATT,f,19,55,40,1,3,6,1,,,
26,1,PFT20.png,3,1,17.913361,ATT,f,19,55,40,1,3,6,1,,,
26,1,PFT7.png,1,1,3.4462483,ATT,f,19,55,40,1,3,6,1,,,
26,1,PFT1.png,1,1,4.4945893,ATT,f,19,55,40,1,3,6,1,,,
26,1,PFT18.png,3,1,7.8566996,ATT,f,19,55,40,1,3,6,1,,,
26,1,PFT14.png,2,0,5.8096956,ATT,f,19,55,40,1,3,6,1,,,
27,1,PFT12.png,2,0,7.2373276,ATT,f,28,56,32,2,5,4,0,,,
27,1,PFT18.png,3,1,9.4597137,ATT,f,28,56,32,2,5,4,0,,,
27,1,PFT21.png,3,0,10.0209884,ATT,f,28,56,32,2,5,4,0,,,
27,1,PFT15.png,2,1,10.8832585,ATT,f,28,56,32,2,5,4,0,,,
27,1,PFT8.png,1,1,2.5983856,ATT,f,28,56,32,2,5,4,0,,,
27,1,PFT9.png,2,1,4.9417495,ATT,f,28,56,32,2,5,4,0,,,
27,1,PFT19.png,3,1,11.795626,ATT,f,28,56,32,2,5,4,0,,,
27,1,PFT6.png,1,1,2.9498901,ATT,f,28,56,32,2,5,4,0,,,
27,1,PFT17.png,3,1,14.3883858,ATT,f,28,56,32,2,5,4,0,,,
27,1,PFT14.png,2,0,29.3711851,ATT,f,28,56,32,2,5,4,0,,,
27,1,PFT10.png,2,1,37.3154937,ATT,f,28,56,32,2,5,4,0,,,
27,1,PFT7.png,1,1,4.706334,ATT,f,28,56,32,2,5,4,0,,,
27,1,PFT13.png,2,1,10.657685,ATT,f,28,56,32,2,5,4,0,,,
27,1,PFT2.png,1,1,4.6962633,ATT,f,28,56,32,2,5,4,0,,,
27,1,PFT11.png,2,1,16.6465429,ATT,f,28,56,32,2,5,4,0,,,
27,1,PFT20.png,3,0,77.8037766,ATT,f,28,56,32,2,5,4,0,,,
27,1,PFT22.png,3,1,97.9197356,ATT,f,28,56,32,2,5,4,0,,,
27,1,PFT24.png,3,1,36.9704348,ATT,f,28,56,32,2,5,4,0,,,
27,1,PFT5.png,1,1,5.4066676,ATT,f,28,56,32,2,5,4,0,,,
27,1,PFT23.png,3,1,25.1519495,ATT,f,28,56,32,2,5,4,0,,,
27,1,PFT3.png,1,1,5.4166394,ATT,f,28,56,32,2,5,4,0,,,
27,1,PFT1.png,1,1,3.6650823,ATT,f,28,56,32,2,5,4,0,,,
27,1,PFT4.png,1,1,5.9661763,ATT,f,28,56,32,2,5,4,0,,,
27,1,PFT16.png,2,1,13.6628121,ATT,f,28,56,32,2,5,4,0,,,
28,1,PFT5.png,1,1,2.8553891,ATT,m,18,53,45,2,3,6,0,,,
28,1,PFT6.png,1,1,3.1476312,ATT,m,18,53,45,2,3,6,0,,,
28,1,PFT20.png,3,1,6.7684956,ATT,m,18,53,45,2,3,6,0,,,
28,1,PFT10.png,2,1,4.1590029,ATT,m,18,53,45,2,3,6,0,,,
28,1,PFT23.png,3,0,4.5933916,ATT,m,18,53,45,2,3,6,0,,,
28,1,PFT16.png,2,1,2.9258267,ATT,m,18,53,45,2,3,6,0,,,
28,1,PFT14.png,2,1,13.7364986,ATT,m,18,53,45,2,3,6,0,,,
28,1,PFT18.png,3,1,4.6011434,ATT,m,18,53,45,2,3,6,0,,,
28,1,PFT21.png,3,0,7.1644221,ATT,m,18,53,45,2,3,6,0,,,
28,1,PFT12.png,2,1,7.2848521,ATT,m,18,53,45,2,3,6,0,,,
28,1,PFT3.png,1,1,2.2903482,ATT,m,18,53,45,2,3,6,0,,,
28,1,PFT8.png,1,1,1.7464944,ATT,m,18,53,45,2,3,6,0,,,
28,1,PFT17.png,3,1,5.6800229,ATT,m,18,53,45,2,3,6,0,,,
28,1,PFT22.png,3,1,20.9730408,ATT,m,18,53,45,2,3,6,0,,,
28,1,PFT13.png,2,1,6.936984,ATT,m,18,53,45,2,3,6,0,,,
28,1,PFT1.png,1,1,2.4459871,ATT,m,18,53,45,2,3,6,0,,,
28,1,PFT15.png,2,0,7.6129734,ATT,m,18,53,45,2,3,6,0,,,
28,1,PFT24.png,3,1,5.2044272,ATT,m,18,53,45,2,3,6,0,,,
28,1,PFT9.png,2,1,6.7952822,ATT,m,18,53,45,2,3,6,0,,,
28,1,PFT7.png,1,1,3.3398013,ATT,m,18,53,45,2,3,6,0,,,
28,1,PFT2.png,1,1,2.7266782,ATT,m,18,53,45,2,3,6,0,,,
28,1,PFT19.png,3,0,8.4599394,ATT,m,18,53,45,2,3,6,0,,,
28,1,PFT11.png,2,1,3.762108,ATT,m,18,53,45,2,3,6,0,,,
28,1,PFT4.png,1,1,1.9295621,ATT,m,18,53,45,2,3,6,0,,,
35,1,PFT16.png,2,1,22.5455407,PFT,f,22,51,26,1,3,4,0,,,
35,1,PFT10.png,2,1,5.4172697,PFT,f,22,51,26,1,3,4,0,,,
35,1,PFT9.png,2,1,3.4842227,PFT,f,22,51,26,1,3,4,0,,,
35,1,PFT3.png,1,1,7.8573302,PFT,f,22,51,26,1,3,4,0,,,
35,1,PFT21.png,3,1,38.888943,PFT,f,22,51,26,1,3,4,0,,,
35,1,PFT17.png,3,1,14.654117,PFT,f,22,51,26,1,3,4,0,,,
35,1,PFT24.png,3,1,7.9301779,PFT,f,22,51,26,1,3,4,0,,,
35,1,PFT5.png,1,1,3.8160919,PFT,f,22,51,26,1,3,4,0,,,
35,1,PFT11.png,2,1,28.6174988,PFT,f,22,51,26,1,3,4,0,,,
35,1,PFT2.png,1,1,2.9782511,PFT,f,22,51,26,1,3,4,0,,,
35,1,PFT1.png,1,1,3.1894194,PFT,f,22,51,26,1,3,4,0,,,
35,1,PFT6.png,1,0,4.7291563,PFT,f,22,51,26,1,3,4,0,,,
35,1,PFT15.png,2,0,22.7374322,PFT,f,22,51,26,1,3,4,0,,,
35,1,PFT7.png,1,1,3.8922307,PFT,f,22,51,26,1,3,4,0,,,
35,1,PFT18.png,3,1,37.7836251,PFT,f,22,51,26,1,3,4,0,,,
35,1,PFT22.png,3,0,11.8682908,PFT,f,22,51,26,1,3,4,0,,,
35,1,PFT13.png,2,1,4.6041778,PFT,f,22,51,26,1,3,4,0,,,
35,1,PFT8.png,1,1,2.3227962,PFT,f,22,51,26,1,3,4,0,,,
35,1,PFT4.png,1,1,2.2840205,PFT,f,22,51,26,1,3,4,0,,,
35,1,PFT19.png,3,1,14.1720352,PFT,f,22,51,26,1,3,4,0,,,
35,1,PFT12.png,2,1,10.0484473,PFT,f,22,51,26,1,3,4,0,,,
35,1,PFT14.png,2,0,25.2630374,PFT,f,22,51,26,1,3,4,0,,,
35,1,PFT23.png,3,1,4.6579863,PFT,f,22,51,26,1,3,4,0,,,
35,1,PFT20.png,3,0,6.8251058,PFT,f,22,51,26,1,3,4,0,,,
36,1,PFT5.png,1,1,3.3331161,PFT,f,19,52,41,1,3,6,0,,,
36,1,PFT17.png,3,1,2.8670103,PFT,f,19,52,41,1,3,6,0,,,
36,1,PFT16.png,2,0,3.4599947,PFT,f,19,52,41,1,3,6,0,,,
36,1,PFT2.png,1,1,2.0939265,PFT,f,19,52,41,1,3,6,0,,,
36,1,PFT7.png,1,1,2.2946004,PFT,f,19,52,41,1,3,6,0,,,
36,1,PFT8.png,1,1,2.0957608,PFT,f,19,52,41,1,3,6,0,,,
36,1,PFT13.png,2,1,3.4764742,PFT,f,19,52,41,1,3,6,0,,,
36,1,PFT6.png,1,1,3.5187496,PFT,f,19,52,41,1,3,6,0,,,
36,1,PFT19.png,3,1,5.4682734,PFT,f,19,52,41,1,3,6,0,,,
36,1,PFT3.png,1,1,1.0320875,PFT,f,19,52,41,1,3,6,0,,,
36,1,PFT20.png,3,0,9.7206617,PFT,f,19,52,41,1,3,6,0,,,
36,1,PFT4.png,1,1,1.9383503,PFT,f,19,52,41,1,3,6,0,,,
36,1,PFT15.png,2,0,12.7443888,PFT,f,19,52,41,1,3,6,0,,,
36,1,PFT11.png,2,1,6.5112073,PFT,f,19,52,41,1,3,6,0,,,
36,1,PFT18.png,3,1,11.5540418,PFT,f,19,52,41,1,3,6,0,,,
36,1,PFT9.png,2,1,6.450565,PFT,f,19,52,41,1,3,6,0,,,
36,1,PFT21.png,3,1,16.2227694,PFT,f,19,52,41,1,3,6,0,,,
36,1,PFT12.png,2,0,5.5546398,PFT,f,19,52,41,1,3,6,0,,,
36,1,PFT1.png,1,1,1.7749383,PFT,f,19,52,41,1,3,6,0,,,
36,1,PFT23.png,3,1,10.5949169,PFT,f,19,52,41,1,3,6,0,,,
36,1,PFT10.png,2,1,2.5839373,PFT,f,19,52,41,1,3,6,0,,,
36,1,PFT14.png,2,0,6.0826016,PFT,f,19,52,41,1,3,6,0,,,
36,1,PFT24.png,3,1,12.1883482,PFT,f,19,52,41,1,3,6,0,,,
36,1,PFT22.png,3,0,7.4249103,PFT,f,19,52,41,1,3,6,0,,,
37,1,PFT7.png,1,1,4.9217609,PFT,f,20,51,43,1,2,5,0,,,
37,1,PFT12.png,2,1,8.2652739,PFT,f,20,51,43,1,2,5,0,,,
37,1,PFT16.png,2,1,14.3119974,PFT,f,20,51,43,1,2,5,0,,,
37,1,PFT2.png,1,1,6.0350082,PFT,f,20,51,43,1,2,5,0,,,
37,1,PFT3.png,1,1,1.8682279,PFT,f,20,51,43,1,2,5,0,,,
37,1,PFT22.png,3,0,60.9468401,PFT,f,20,51,43,1,2,5,0,,,
37,1,PFT8.png,1,1,7.0009811,PFT,f,20,51,43,1,2,5,0,,,
37,1,PFT10.png,2,1,28.0757485,PFT,f,20,51,43,1,2,5,0,,,
37,1,PFT15.png,2,0,47.0063082,PFT,f,20,51,43,1,2,5,0,,,
37,1,PFT1.png,1,1,2.8237414,PFT,f,20,51,43,1,2,5,0,,,
37,1,PFT11.png,2,1,34.3599712,PFT,f,20,51,43,1,2,5,0,,,
37,1,PFT17.png,3,1,14.1374001,PFT,f,20,51,43,1,2,5,0,,,
37,1,PFT5.png,1,1,2.7769512,PFT,f,20,51,43,1,2,5,0,,,
37,1,PFT14.png,2,1,25.5749923,PFT,f,20,51,43,1,2,5,0,,,
37,1,PFT18.png,3,1,51.828575,PFT,f,20,51,43,1,2,5,0,,,
37,1,PFT4.png,1,1,13.3689746,PFT,f,20,51,43,1,2,5,0,,,
37,1,PFT19.png,3,1,24.9718806,PFT,f,20,51,43,1,2,5,0,,,
37,1,PFT20.png,3,0,38.2944801,PFT,f,20,51,43,1,2,5,0,,,
37,1,PFT24.png,3,1,22.8212955,PFT,f,20,51,43,1,2,5,0,,,
37,1,PFT13.png,2,1,18.9367266,PFT,f,20,51,43,1,2,5,0,,,
37,1,PFT23.png,3,1,20.86011,PFT,f,20,51,43,1,2,5,0,,,
37,1,PFT21.png,3,1,33.8333091,PFT,f,20,51,43,1,2,5,0,,,
37,1,PFT9.png,2,1,17.1894132,PFT,f,20,51,43,1,2,5,0,,,
37,1,PFT6.png,1,1,2.0549656,PFT,f,20,51,43,1,2,5,0,,,
7,0,PFT5.png,1,1,2.7949007,ATT,f,19,45,36,1,6,4,0,,,
7,0,PFT10.png,2,0,3.184092,ATT,f,19,45,36,1,6,4,0,,,
7,0,PFT18.png,3,1,6.8165235,ATT,f,19,45,36,1,6,4,0,,,
7,0,PFT20.png,3,1,11.7922147,ATT,f,19,45,36,1,6,4,0,,,
7,0,PFT1.png,1,1,1.7052763,ATT,f,19,45,36,1,6,4,0,,,
7,0,PFT21.png,3,1,12.6585076,ATT,f,19,45,36,1,6,4,0,,,
7,0,PFT9.png,2,0,4.31131,ATT,f,19,45,36,1,6,4,0,,,
7,0,PFT24.png,3,1,8.9082115,ATT,f,19,45,36,1,6,4,0,,,
7,0,PFT3.png,1,1,2.099344,ATT,f,19,45,36,1,6,4,0,,,
7,0,PFT8.png,1,1,1.4949725,ATT,f,19,45,36,1,6,4,0,,,
7,0,PFT12.png,2,1,4.6053755,ATT,f,19,45,36,1,6,4,0,,,
7,0,PFT14.png,2,1,17.2254783,ATT,f,19,45,36,1,6,4,0,,,
7,0,PFT17.png,3,1,8.8509441,ATT,f,19,45,36,1,6,4,0,,,
7,0,PFT22.png,3,0,12.2154947,ATT,f,19,45,36,1,6,4,0,,,
7,0,PFT23.png,3,1,18.7645199,ATT,f,19,45,36,1,6,4,0,,,
7,0,PFT15.png,2,0,16.988751,ATT,f,19,45,36,1,6,4,0,,,
7,0,PFT7.png,1,1,4.444829,ATT,f,19,45,36,1,6,4,0,,,
7,0,PFT6.png,1,1,3.2766764,ATT,f,19,45,36,1,6,4,0,,,
7,0,PFT19.png,3,1,10.1189049,ATT,f,19,45,36,1,6,4,0,,,
7,0,PFT16.png,2,1,13.6339529,ATT,f,19,45,36,1,6,4,0,,,
7,0,PFT2.png,1,0,8.9689973,ATT,f,19,45,36,1,6,4,0,,,
7,0,PFT4.png,1,1,3.1519814,ATT,f,19,45,36,1,6,4,0,,,
7,0,PFT13.png,2,0,9.6993185,ATT,f,19,45,36,1,6,4,0,,,
7,0,PFT11.png,2,0,7.235564,ATT,f,19,45,36,1,6,4,0,,,
38,1,PFT1.png,1,1,11.1299269,PFT,m,20,60,43,1,2,6,0,,,
38,1,PFT24.png,3,1,10.563674,PFT,m,20,60,43,1,2,6,0,,,
38,1,PFT14.png,2,1,22.3601385,PFT,m,20,60,43,1,2,6,0,,,
38,1,PFT7.png,1,1,10.0194286,PFT,m,20,60,43,1,2,6,0,,,
38,1,PFT23.png,3,1,27.7662799,PFT,m,20,60,43,1,2,6,0,,,
38,1,PFT2.png,1,1,4.1538616,PFT,m,20,60,43,1,2,6,0,,,
38,1,PFT6.png,1,1,4.7751314,PFT,m,20,60,43,1,2,6,0,,,
38,1,PFT18.png,3,1,45.6200786,PFT,m,20,60,43,1,2,6,0,,,
38,1,PFT20.png,3,1,115.2636252,PFT,m,20,60,43,1,2,6,0,,,
38,1,PFT8.png,1,1,4.2213463,PFT,m,20,60,43,1,2,6,0,,,
38,1,PFT5.png,1,1,1.8215526,PFT,m,20,60,43,1,2,6,0,,,
38,1,PFT17.png,3,1,9.3158868,PFT,m,20,60,43,1,2,6,0,,,
38,1,PFT12.png,2,1,16.2353971,PFT,m,20,60,43,1,2,6,0,,,
38,1,PFT15.png,2,1,24.3043941,PFT,m,20,60,43,1,2,6,0,,,
38,1,PFT10.png,2,1,4.6760378,PFT,m,20,60,43,1,2,6,0,,,
38,1,PFT21.png,3,1,24.8213517,PFT,m,20,60,43,1,2,6,0,,,
38,1,PFT9.png,2,1,10.7964282,PFT,m,20,60,43,1,2,6,0,,,
38,1,PFT13.png,2,1,4.4949646,PFT,m,20,60,43,1,2,6,0,,,
38,1,PFT19.png,3,1,25.840789,PFT,m,20,60,43,1,2,6,0,,,
38,1,PFT22.png,3,0,16.4845456,PFT,m,20,60,43,1,2,6,0,,,
38,1,PFT4.png,1,1,2.1687978,PFT,m,20,60,43,1,2,6,0,,,
38,1,PFT3.png,1,1,3.1744773,PFT,m,20,60,43,1,2,6,0,,,
38,1,PFT11.png,2,1,43.0906946,PFT,m,20,60,43,1,2,6,0,,,
38,1,PFT16.png,2,1,16.359974,PFT,m,20,60,43,1,2,6,0,,,
39,1,PFT23.png,3,0,12.8979314,PFT,f,19,55,39,1,2,2,0,,,
39,1,PFT18.png,3,0,11.8420008,PFT,f,19,55,39,1,2,2,0,,,
39,1,PFT7.png,1,1,2.4309843,PFT,f,19,55,39,1,2,2,0,,,
39,1,PFT4.png,1,1,7.156887,PFT,f,19,55,39,1,2,2,0,,,
39,1,PFT9.png,2,0,10.4883011,PFT,f,19,55,39,1,2,2,0,,,
39,1,PFT8.png,1,1,3.4326377,PFT,f,19,55,39,1,2,2,0,,,
39,1,PFT16.png,2,0,7.5330762,PFT,f,19,55,39,1,2,2,0,,,
39,1,PFT13.png,2,1,9.3117146,PFT,f,19,55,39,1,2,2,0,,,
39,1,PFT10.png,2,0,16.0819663,PFT,f,19,55,39,1,2,2,0,,,
39,1,PFT6.png,1,1,2.1866668,PFT,f,19,55,39,1,2,2,0,,,
39,1,PFT24.png,3,1,8.9390248,PFT,f,19,55,39,1,2,2,0,,,
39,1,PFT2.png,1,1,8.8149479,PFT,f,19,55,39,1,2,2,0,,,
39,1,PFT22.png,3,0,22.0156056,PFT,f,19,55,39,1,2,2,0,,,
39,1,PFT3.png,1,1,6.375019,PFT,f,19,55,39,1,2,2,0,,,
39,1,PFT1.png,1,1,3.702609,PFT,f,19,55,39,1,2,2,0,,,
39,1,PFT14.png,2,0,17.6967613,PFT,f,19,55,39,1,2,2,0,,,
39,1,PFT20.png,3,0,25.4292796,PFT,f,19,55,39,1,2,2,0,,,
39,1,PFT19.png,3,0,18.5037086,PFT,f,19,55,39,1,2,2,0,,,
39,1,PFT15.png,2,1,18.7188431,PFT,f,19,55,39,1,2,2,0,,,
39,1,PFT11.png,2,1,23.3459672,PFT,f,19,55,39,1,2,2,0,,,
39,1,PFT17.png,3,1,5.3958172,PFT,f,19,55,39,1,2,2,0,,,
39,1,PFT21.png,3,0,23.9144713,PFT,f,19,55,39,1,2,2,0,,,
39,1,PFT12.png,2,1,13.3544568,PFT,f,19,55,39,1,2,2,0,,,
39,1,PFT5.png,1,1,2.2207152,PFT,f,19,55,39,1,2,2,0,,,
29,1,PFT17.png,3,1,12.0708327,ATT,f,19,59,39,1,6,7,0,,,
29,1,PFT9.png,2,1,7.2815377,ATT,f,19,59,39,1,6,7,0,,,
29,1,PFT24.png,3,1,7.3093943,ATT,f,19,59,39,1,6,7,0,,,
29,1,PFT12.png,2,0,5.6100557,ATT,f,19,59,39,1,6,7,0,,,
29,1,PFT8.png,1,1,3.0448596,ATT,f,19,59,39,1,6,7,0,,,
29,1,PFT3.png,1,1,1.9849985,ATT,f,19,59,39,1,6,7,0,,,
29,1,PFT23.png,3,1,11.5700575,ATT,f,19,59,39,1,6,7,0,,,
29,1,PFT6.png,1,1,2.7680513,ATT,f,19,59,39,1,6,7,0,,,
29,1,PFT2.png,1,1,2.4185983,ATT,f,19,59,39,1,6,7,0,,,
29,1,PFT20.png,3,0,23.2420113,ATT,f,19,59,39,1,6,7,0,,,
29,1,PFT11.png,2,1,4.7204264,ATT,f,19,59,39,1,6,7,0,,,
29,1,PFT22.png,3,0,19.1218177,ATT,f,19,59,39,1,6,7,0,,,
29,1,PFT10.png,2,1,2.2690325,ATT,f,19,59,39,1,6,7,0,,,
29,1,PFT7.png,1,1,1.915966,ATT,f,19,59,39,1,6,7,0,,,
29,1,PFT16.png,2,1,5.6918696,ATT,f,19,59,39,1,6,7,0,,,
29,1,PFT18.png,3,1,4.4641812,ATT,f,19,59,39,1,6,7,0,,,
29,1,PFT14.png,2,1,3.7353735,ATT,f,19,59,39,1,6,7,0,,,
29,1,PFT13.png,2,1,2.7247483,ATT,f,19,59,39,1,6,7,0,,,
29,1,PFT21.png,3,1,7.6928928,ATT,f,19,59,39,1,6,7,0,,,
29,1,PFT19.png,3,1,7.9206365,ATT,f,19,59,39,1,6,7,0,,,
29,1,PFT15.png,2,1,18.0680798,ATT,f,19,59,39,1,6,7,0,,,
29,1,PFT5.png,1,1,2.1862236,ATT,f,19,59,39,1,6,7,0,,,
29,1,PFT1.png,1,1,1.6977297,ATT,f,19,59,39,1,6,7,0,,,
29,1,PFT4.png,1,1,2.7504229,ATT,f,19,59,39,1,6,7,0,,,
30,1,PFT6.png,1,1,3.039165,ATT,f,20,43,23,2,6,4,0,,,
30,1,PFT9.png,2,1,7.1186868,ATT,f,20,43,23,2,6,4,0,,,
30,1,PFT11.png,2,1,2.7132474,ATT,f,20,43,23,2,6,4,0,,,
30,1,PFT17.png,3,1,7.8495345,ATT,f,20,43,23,2,6,4,0,,,
30,1,PFT4.png,1,1,2.6063071,ATT,f,20,43,23,2,6,4,0,,,
30,1,PFT14.png,2,1,20.3228257,ATT,f,20,43,23,2,6,4,0,,,
30,1,PFT5.png,1,1,3.6617485,ATT,f,20,43,23,2,6,4,0,,,
30,1,PFT12.png,2,0,9.6541353,ATT,f,20,43,23,2,6,4,0,,,
30,1,PFT15.png,2,1,31.3542527,ATT,f,20,43,23,2,6,4,0,,,
30,1,PFT8.png,1,1,2.840412,ATT,f,20,43,23,2,6,4,0,,,
30,1,PFT23.png,3,1,11.6963633,ATT,f,20,43,23,2,6,4,0,,,
30,1,PFT13.png,2,1,2.9438414,ATT,f,20,43,23,2,6,4,0,,,
30,1,PFT21.png,3,1,11.7951687,ATT,f,20,43,23,2,6,4,0,,,
30,1,PFT24.png,3,1,19.4861549,ATT,f,20,43,23,2,6,4,0,,,
30,1,PFT1.png,1,1,3.9487227,ATT,f,20,43,23,2,6,4,0,,,
30,1,PFT10.png,2,1,12.1116925,ATT,f,20,43,23,2,6,4,0,,,
30,1,PFT20.png,3,0,22.772848,ATT,f,20,43,23,2,6,4,0,,,
30,1,PFT18.png,3,1,27.1554899,ATT,f,20,43,23,2,6,4,0,,,
30,1,PFT3.png,1,1,3.2246607,ATT,f,20,43,23,2,6,4,0,,,
30,1,PFT2.png,1,1,1.7271072,ATT,f,20,43,23,2,6,4,0,,,
30,1,PFT22.png,3,0,20.5223462,ATT,f,20,43,23,2,6,4,0,,,
30,1,PFT7.png,1,1,5.4102229,ATT,f,20,43,23,2,6,4,0,,,
30,1,PFT19.png,3,1,12.1910019,ATT,f,20,43,23,2,6,4,0,,,
30,1,PFT16.png,2,1,12.207186,ATT,f,20,43,23,2,6,4,0,,,
16,0,PFT18.png,3,1,31.5036462,PFT,f,19,48,33,1,6,3,0,,,
16,0,PFT20.png,3,0,26.0855026,PFT,f,19,48,33,1,6,3,0,,,
16,0,PFT19.png,3,1,29.0925503,PFT,f,19,48,33,1,6,3,0,,,
16,0,PFT15.png,2,0,32.588638,PFT,f,19,48,33,1,6,3,0,,,
16,0,PFT8.png,1,1,3.1082254,PFT,f,19,48,33,1,6,3,0,,,
16,0,PFT21.png,3,1,10.5900115,PFT,f,19,48,33,1,6,3,0,,,
16,0,PFT4.png,1,1,2.4536225,PFT,f,19,48,33,1,6,3,0,,,
16,0,PFT7.png,1,1,3.2539269,PFT,f,19,48,33,1,6,3,0,,,
16,0,PFT3.png,1,1,2.5199271,PFT,f,19,48,33,1,6,3,0,,,
16,0,PFT17.png,3,1,4.1882377,PFT,f,19,48,33,1,6,3,0,,,
16,0,PFT9.png,2,1,9.827553,PFT,f,19,48,33,1,6,3,0,,,
16,0,PFT1.png,1,1,2.3495567,PFT,f,19,48,33,1,6,3,0,,,
16,0,PFT6.png,1,1,2.6377745,PFT,f,19,48,33,1,6,3,0,,,
16,0,PFT23.png,3,0,40.6528574,PFT,f,19,48,33,1,6,3,0,,,
16,0,PFT11.png,2,1,17.206582,PFT,f,19,48,33,1,6,3,0,,,
16,0,PFT13.png,2,1,5.8284749,PFT,f,19,48,33,1,6,3,0,,,
16,0,PFT10.png,2,1,10.7358467,PFT,f,19,48,33,1,6,3,0,,,
16,0,PFT16.png,2,1,12.497204,PFT,f,19,48,33,1,6,3,0,,,
16,0,PFT24.png,3,1,21.0434303,PFT,f,19,48,33,1,6,3,0,,,
16,0,PFT5.png,1,1,2.7042561,PFT,f,19,48,33,1,6,3,0,,,
16,0,PFT22.png,3,1,23.2048969,PFT,f,19,48,33,1,6,3,0,,,
16,0,PFT14.png,2,0,29.3507828,PFT,f,19,48,33,1,6,3,0,,,
16,0,PFT2.png,1,1,1.6336331,PFT,f,19,48,33,1,6,3,0,,,
16,0,PFT12.png,2,1,3.4543474,PFT,f,19,48,33,1,6,3,0,,,
17,0,PFT5.png,1,1,2.8521261,PFT,m,20,64,52,1,2,2,0,,,
17,0,PFT4.png,1,1,5.1722646,PFT,m,20,64,52,1,2,2,0,,,
17,0,PFT24.png,3,1,9.2760766,PFT,m,20,64,52,1,2,2,0,,,
17,0,PFT3.png,1,1,1.6096253,PFT,m,20,64,52,1,2,2,0,,,
17,0,PFT17.png,3,1,2.462102,PFT,m,20,64,52,1,2,2,0,,,
17,0,PFT11.png,2,1,11.2481022,PFT,m,20,64,52,1,2,2,0,,,
17,0,PFT8.png,1,1,6.1055352,PFT,m,20,64,52,1,2,2,0,,,
17,0,PFT23.png,3,1,11.8888896,PFT,m,20,64,52,1,2,2,0,,,
17,0,PFT22.png,3,0,47.1533725,PFT,m,20,64,52,1,2,2,0,,,
17,0,PFT10.png,2,1,1.5754034,PFT,m,20,64,52,1,2,2,0,,,
17,0,PFT18.png,3,1,24.4672634,PFT,m,20,64,52,1,2,2,0,,,
17,0,PFT20.png,3,0,16.3470222,PFT,m,20,64,52,1,2,2,0,,,
17,0,PFT21.png,3,1,23.4440246,PFT,m,20,64,52,1,2,2,0,,,
17,0,PFT14.png,2,1,10.4172677,PFT,m,20,64,52,1,2,2,0,,,
17,0,PFT7.png,1,1,2.2972122,PFT,m,20,64,52,1,2,2,0,,,
17,0,PFT2.png,1,1,2.6858813,PFT,m,20,64,52,1,2,2,0,,,
17,0,PFT15.png,2,0,11.3252642,PFT,m,20,64,52,1,2,2,0,,,
17,0,PFT1.png,1,1,2.3379544,PFT,m,20,64,52,1,2,2,0,,,
17,0,PFT13.png,2,1,7.4355286,PFT,m,20,64,52,1,2,2,0,,,
17,0,PFT19.png,3,1,3.0849648,PFT,m,20,64,52,1,2,2,0,,,
17,0,PFT16.png,2,1,6.4130768,PFT,m,20,64,52,1,2,2,0,,,
17,0,PFT12.png,2,0,8.0383281,PFT,m,20,64,52,1,2,2,0,,,
17,0,PFT9.png,2,1,9.1489839,PFT,m,20,64,52,1,2,2,0,,,
17,0,PFT6.png,1,1,5.3966512,PFT,m,20,64,52,1,2,2,0,,,
8,0,PFT17.png,3,1,7.8913751,ATT,f,23,45,37,2,5,1,1,,,
8,0,PFT16.png,2,0,5.1243509,ATT,f,23,45,37,2,5,1,1,,,
8,0,PFT15.png,2,1,11.2029037,ATT,f,23,45,37,2,5,1,1,,,
8,0,PFT4.png,1,1,2.9452974,ATT,f,23,45,37,2,5,1,1,,,
8,0,PFT18.png,3,1,11.1360631,ATT,f,23,45,37,2,5,1,1,,,
8,0,PFT6.png,1,1,2.3303534,ATT,f,23,45,37,2,5,1,1,,,
8,0,PFT24.png,3,1,4.3319311,ATT,f,23,45,37,2,5,1,1,,,
8,0,PFT13.png,2,1,11.1443779,ATT,f,23,45,37,2,5,1,1,,,
8,0,PFT7.png,1,1,2.9928997,ATT,f,23,45,37,2,5,1,1,,,
8,0,PFT11.png,2,1,8.581705,ATT,f,23,45,37,2,5,1,1,,,
8,0,PFT5.png,1,1,2.0972138,ATT,f,23,45,37,2,5,1,1,,,
8,0,PFT2.png,1,1,2.0494714,ATT,f,23,45,37,2,5,1,1,,,
8,0,PFT12.png,2,1,7.2564681,ATT,f,23,45,37,2,5,1,1,,,
8,0,PFT22.png,3,0,37.5546877,ATT,f,23,45,37,2,5,1,1,,,
8,0,PFT1.png,1,1,3.0254692,ATT,f,23,45,37,2,5,1,1,,,
8,0,PFT14.png,2,1,15.9475986,ATT,f,23,45,37,2,5,1,1,,,
8,0,PFT23.png,3,0,17.8743842,ATT,f,23,45,37,2,5,1,1,,,
8,0,PFT8.png,1,1,1.6541077,ATT,f,23,45,37,2,5,1,1,,,
8,0,PFT20.png,3,0,7.1842278,ATT,f,23,45,37,2,5,1,1,,,
8,0,PFT9.png,2,1,8.1922199,ATT,f,23,45,37,2,5,1,1,,,
8,0,PFT21.png,3,1,18.6820498,ATT,f,23,45,37,2,5,1,1,,,
8,0,PFT10.png,2,1,3.4322819,ATT,f,23,45,37,2,5,1,1,,,
8,0,PFT3.png,1,1,3.9175183,ATT,f,23,45,37,2,5,1,1,,,
8,0,PFT19.png,3,1,8.150156,ATT,f,23,45,37,2,5,1,1,,,
40,1,PFT17.png,3,0,28.3245149,PFT,f,21,51,41,1,3,3,0,,,
40,1,PFT1.png,1,0,3.8764735,PFT,f,21,51,41,1,3,3,0,,,
40,1,PFT16.png,2,1,15.3522968,PFT,f,21,51,41,1,3,3,0,,,
40,1,PFT9.png,2,1,2.2021407,PFT,f,21,51,41,1,3,3,0,,,
40,1,PFT3.png,1,0,4.6726838,PFT,f,21,51,41,1,3,3,0,,,
40,1,PFT14.png,2,0,40.6906261,PFT,f,21,51,41,1,3,3,0,,,
40,1,PFT2.png,1,1,19.8144393,PFT,f,21,51,41,1,3,3,0,,,
40,1,PFT8.png,1,1,12.1969166,PFT,f,21,51,41,1,3,3,0,,,
40,1,PFT18.png,3,0,35.8519703,PFT,f,21,51,41,1,3,3,0,,,
40,1,PFT13.png,2,1,16.942438,PFT,f,21,51,41,1,3,3,0,,,
40,1,PFT19.png,3,0,12.3827102,PFT,f,21,51,41,1,3,3,0,,,
40,1,PFT7.png,1,1,4.1350447,PFT,f,21,51,41,1,3,3,0,,,
40,1,PFT21.png,3,0,5.5424491,PFT,f,21,51,41,1,3,3,0,,,
40,1,PFT10.png,2,1,4.1742569,PFT,f,21,51,41,1,3,3,0,,,
40,1,PFT20.png,3,0,17.2932172,PFT,f,21,51,41,1,3,3,0,,,
40,1,PFT23.png,3,0,5.8093521,PFT,f,21,51,41,1,3,3,0,,,
40,1,PFT15.png,2,1,28.064323,PFT,f,21,51,41,1,3,3,0,,,
40,1,PFT22.png,3,0,6.5045851,PFT,f,21,51,41,1,3,3,0,,,
40,1,PFT5.png,1,1,2.2892668,PFT,f,21,51,41,1,3,3,0,,,
40,1,PFT12.png,2,0,2.85485,PFT,f,21,51,41,1,3,3,0,,,
40,1,PFT4.png,1,1,4.5257606,PFT,f,21,51,41,1,3,3,0,,,
40,1,PFT6.png,1,1,3.3113291,PFT,f,21,51,41,1,3,3,0,,,
40,1,PFT24.png,3,1,20.2587128,PFT,f,21,51,41,1,3,3,0,,,
40,1,PFT11.png,2,1,8.4468038,PFT,f,21,51,41,1,3,3,0,,,
18,0,PFT20.png,3,0,31.580427,PFT,f,19,56,41,2,6,5,0,,,
18,0,PFT22.png,3,1,22.4047892,PFT,f,19,56,41,2,6,5,0,,,
18,0,PFT6.png,1,1,2.312325,PFT,f,19,56,41,2,6,5,0,,,
18,0,PFT11.png,2,1,3.1001231,PFT,f,19,56,41,2,6,5,0,,,
18,0,PFT5.png,1,1,1.7493279,PFT,f,19,56,41,2,6,5,0,,,
18,0,PFT19.png,3,1,14.0342673,PFT,f,19,56,41,2,6,5,0,,,
18,0,PFT21.png,3,1,20.205295,PFT,f,19,56,41,2,6,5,0,,,
18,0,PFT4.png,1,1,1.5814635,PFT,f,19,56,41,2,6,5,0,,,
18,0,PFT2.png,1,1,1.7780222,PFT,f,19,56,41,2,6,5,0,,,
18,0,PFT14.png,2,1,14.4393819,PFT,f,19,56,41,2,6,5,0,,,
18,0,PFT10.png,2,1,2.7749104,PFT,f,19,56,41,2,6,5,0,,,
18,0,PFT9.png,2,1,10.4545958,PFT,f,19,56,41,2,6,5,0,,,
18,0,PFT1.png,1,1,1.6107619,PFT,f,19,56,41,2,6,5,0,,,
18,0,PFT16.png,2,0,2.7341145,PFT,f,19,56,41,2,6,5,0,,,
18,0,PFT18.png,3,1,22.3579528,PFT,f,19,56,41,2,6,5,0,,,
18,0,PFT3.png,1,1,1.3885619,PFT,f,19,56,41,2,6,5,0,,,
18,0,PFT13.png,2,0,5.523419,PFT,f,19,56,41,2,6,5,0,,,
18,0,PFT15.png,2,1,40.4712699,PFT,f,19,56,41,2,6,5,0,,,
18,0,PFT7.png,1,1,2.1813697,PFT,f,19,56,41,2,6,5,0,,,
18,0,PFT17.png,3,1,3.2185021,PFT,f,19,56,41,2,6,5,0,,,
18,0,PFT23.png,3,1,5.2113449,PFT,f,19,56,41,2,6,5,0,,,
18,0,PFT12.png,2,0,4.9441256,PFT,f,19,56,41,2,6,5,0,,,
18,0,PFT8.png,1,1,1.5554085,PFT,f,19,56,41,2,6,5,0,,,
18,0,PFT24.png,3,1,3.636347,PFT,f,19,56,41,2,6,5,0,,,
9,0,PFT5.png,1,1,1.3655134,ATT,f,19,47,40,2,5,5,0,,,
9,0,PFT14.png,2,1,4.70459,ATT,f,19,47,40,2,5,5,0,,,
9,0,PFT2.png,1,1,1.3862314,ATT,f,19,47,40,2,5,5,0,,,
9,0,PFT20.png,3,0,21.6672916,ATT,f,19,47,40,2,5,5,0,,,
9,0,PFT21.png,3,1,6.7259927,ATT,f,19,47,40,2,5,5,0,,,
9,0,PFT4.png,1,1,1.2443635,ATT,f,19,47,40,2,5,5,0,,,
9,0,PFT3.png,1,1,1.768511,ATT,f,19,47,40,2,5,5,0,,,
9,0,PFT13.png,2,1,13.4568758,ATT,f,19,47,40,2,5,5,0,,,
9,0,PFT8.png,1,1,1.3539171,ATT,f,19,47,40,2,5,5,0,,,
9,0,PFT23.png,3,1,5.8315085,ATT,f,19,47,40,2,5,5,0,,,
9,0,PFT9.png,2,1,12.873678,ATT,f,19,47,40,2,5,5,0,,,
9,0,PFT11.png,2,1,7.2674128,ATT,f,19,47,40,2,5,5,0,,,
9,0,PFT15.png,2,1,10.6912692,ATT,f,19,47,40,2,5,5,0,,,
9,0,PFT22.png,3,0,13.1636749,ATT,f,19,47,40,2,5,5,0,,,
9,0,PFT6.png,1,1,2.2828095,ATT,f,19,47,40,2,5,5,0,,,
9,0,PFT24.png,3,1,6.0993054,ATT,f,19,47,40,2,5,5,0,,,
9,0,PFT18.png,3,1,16.9031573,ATT,f,19,47,40,2,5,5,0,,,
9,0,PFT12.png,2,1,18.1267461,ATT,f,19,47,40,2,5,5,0,,,
9,0,PFT7.png,1,1,1.382913,ATT,f,19,47,40,2,5,5,0,,,
9,0,PFT19.png,3,1,6.2438814,ATT,f,19,47,40,2,5,5,0,,,
9,0,PFT16.png,2,1,6.2010803,ATT,f,19,47,40,2,5,5,0,,,
9,0,PFT1.png,1,1,1.2859733,ATT,f,19,47,40,2,5,5,0,,,
9,0,PFT17.png,3,1,4.6556414,ATT,f,19,47,40,2,5,5,0,,,
9,0,PFT10.png,2,1,2.8404406,ATT,f,19,47,40,2,5,5,0,,,
19,0,PFT21.png,3,1,43.8376245,PFT,f,18,53,46,1,2,4,0,,,
19,0,PFT1.png,1,1,10.5802117,PFT,f,18,53,46,1,2,4,0,,,
19,0,PFT11.png,2,1,34.8398561,PFT,f,18,53,46,1,2,4,0,,,
19,0,PFT9.png,2,0,17.9147428,PFT,f,18,53,46,1,2,4,0,,,
19,0,PFT4.png,1,1,2.6863214,PFT,f,18,53,46,1,2,4,0,,,
19,0,PFT19.png,3,1,17.4119735,PFT,f,18,53,46,1,2,4,0,,,
19,0,PFT13.png,2,1,14.4652699,PFT,f,18,53,46,1,2,4,0,,,
19,0,PFT7.png,1,1,4.6731373,PFT,f,18,53,46,1,2,4,0,,,
19,0,PFT24.png,3,1,65.9804968,PFT,f,18,53,46,1,2,4,0,,,
19,0,PFT14.png,2,1,18.55325,PFT,f,18,53,46,1,2,4,0,,,
19,0,PFT10.png,2,1,17.6132342,PFT,f,18,53,46,1,2,4,0,,,
19,0,PFT22.png,3,0,93.7002134,PFT,f,18,53,46,1,2,4,0,,,
19,0,PFT3.png,1,1,5.2484472,PFT,f,18,53,46,1,2,4,0,,,
19,0,PFT17.png,3,1,17.8670352,PFT,f,18,53,46,1,2,4,0,,,
19,0,PFT8.png,1,1,2.9697514,PFT,f,18,53,46,1,2,4,0,,,
19,0,PFT6.png,1,1,6.8651868,PFT,f,18,53,46,1,2,4,0,,,
19,0,PFT15.png,2,0,69.7503133,PFT,f,18,53,46,1,2,4,0,,,
19,0,PFT16.png,2,0,50.5697455,PFT,f,18,53,46,1,2,4,0,,,
19,0,PFT23.png,3,1,97.832571,PFT,f,18,53,46,1,2,4,0,,,
19,0,PFT12.png,2,1,15.6443016,PFT,f,18,53,46,1,2,4,0,,,
19,0,PFT18.png,3,1,81.92878,PFT,f,18,53,46,1,2,4,0,,,
19,0,PFT2.png,1,1,5.5684693,PFT,f,18,53,46,1,2,4,0,,,
19,0,PFT5.png,1,1,5.4860492,PFT,f,18,53,46,1,2,4,0,,,
19,0,PFT20.png,3,0,63.4531151,PFT,f,18,53,46,1,2,4,0,,,
10,0,PFT12.png,2,0,14.1037087,ATT,f,23,50,31,1,5,5,0,,,
10,0,PFT20.png,3,0,20.6949464,ATT,f,23,50,31,1,5,5,0,,,
10,0,PFT17.png,3,1,14.9288513,ATT,f,23,50,31,1,5,5,0,,,
10,0,PFT8.png,1,1,3.1897876,ATT,f,23,50,31,1,5,5,0,,,
10,0,PFT7.png,1,1,4.1111828,ATT,f,23,50,31,1,5,5,0,,,
10,0,PFT21.png,3,0,10.9521057,ATT,f,23,50,31,1,5,5,0,,,
10,0,PFT11.png,2,1,16.5863877,ATT,f,23,50,31,1,5,5,0,,,
10,0,PFT13.png,2,1,5.7287796,ATT,f,23,50,31,1,5,5,0,,,
10,0,PFT14.png,2,0,13.3201456,ATT,f,23,50,31,1,5,5,0,,,
10,0,PFT22.png,3,0,26.0422272,ATT,f,23,50,31,1,5,5,0,,,
10,0,PFT6.png,1,1,3.8166307,ATT,f,23,50,31,1,5,5,0,,,
10,0,PFT10.png,2,0,6.6899394,ATT,f,23,50,31,1,5,5,0,,,
10,0,PFT24.png,3,1,11.3297546,ATT,f,23,50,31,1,5,5,0,,,
10,0,PFT2.png,1,1,5.330254,ATT,f,23,50,31,1,5,5,0,,,
10,0,PFT15.png,2,1,13.1966963,ATT,f,23,50,31,1,5,5,0,,,
10,0,PFT5.png,1,1,1.6236373,ATT,f,23,50,31,1,5,5,0,,,
10,0,PFT19.png,3,1,9.6745409,ATT,f,23,50,31,1,5,5,0,,,
10,0,PFT16.png,2,1,15.7328199,ATT,f,23,50,31,1,5,5,0,,,
10,0,PFT18.png,3,1,15.7671113,ATT,f,23,50,31,1,5,5,0,,,
10,0,PFT1.png,1,1,3.5755904,ATT,f,23,50,31,1,5,5,0,,,
10,0,PFT9.png,2,1,10.9450893,ATT,f,23,50,31,1,5,5,0,,,
10,0,PFT23.png,3,0,7.5386543,ATT,f,23,50,31,1,5,5,0,,,
10,0,PFT4.png,1,1,3.1426157,ATT,f,23,50,31,1,5,5,0,,,
10,0,PFT3.png,1,1,3.5926298,ATT,f,23,50,31,1,5,5,0,,,
20,0,PFT11.png,2,1,3.6673464,PFT,f,19,52,25,1,3,2,0,,,
20,0,PFT6.png,1,1,2.1397735,PFT,f,19,52,25,1,3,2,0,,,
20,0,PFT7.png,1,1,3.2694069,PFT,f,19,52,25,1,3,2,0,,,
20,0,PFT8.png,1,1,2.7267657,PFT,f,19,52,25,1,3,2,0,,,
20,0,PFT12.png,2,1,11.5402932,PFT,f,19,52,25,1,3,2,0,,,
20,0,PFT14.png,2,0,13.4107691,PFT,f,19,52,25,1,3,2,0,,,
20,0,PFT1.png,1,1,3.7487963,PFT,f,19,52,25,1,3,2,0,,,
20,0,PFT9.png,2,0,20.0807944,PFT,f,19,52,25,1,3,2,0,,,
20,0,PFT18.png,3,1,22.1815868,PFT,f,19,52,25,1,3,2,0,,,
20,0,PFT24.png,3,0,6.7550153,PFT,f,19,52,25,1,3,2,0,,,
20,0,PFT22.png,3,1,11.2203991,PFT,f,19,52,25,1,3,2,0,,,
20,0,PFT17.png,3,1,5.4806754,PFT,f,19,52,25,1,3,2,0,,,
20,0,PFT5.png,1,1,2.1396066,PFT,f,19,52,25,1,3,2,0,,,
20,0,PFT3.png,1,1,1.6589213,PFT,f,19,52,25,1,3,2,0,,,
20,0,PFT13.png,2,1,2.2654294,PFT,f,19,52,25,1,3,2,0,,,
20,0,PFT16.png,2,1,5.9173864,PFT,f,19,52,25,1,3,2,0,,,
20,0,PFT10.png,2,0,12.506556,PFT,f,19,52,25,1,3,2,0,,,
20,0,PFT2.png,1,1,2.3316633,PFT,f,19,52,25,1,3,2,0,,,
20,0,PFT4.png,1,1,3.6759352,PFT,f,19,52,25,1,3,2,0,,,
20,0,PFT23.png,3,1,11.5492262,PFT,f,19,52,25,1,3,2,0,,,
20,0,PFT21.png,3,1,16.3965839,PFT,f,19,52,25,1,3,2,0,,,
20,0,PFT15.png,2,1,11.1214401,PFT,f,19,52,25,1,3,2,0,,,
20,0,PFT20.png,3,0,20.9249371,PFT,f,19,52,25,1,3,2,0,,,
20,0,PFT19.png,3,0,25.8646439,PFT,f,19,52,25,1,3,2,0,,,
