ID_participant,cog_load,pft_stim,first_procedure,operations1.corr,operations1.rt,operations2.corr,operations2.rt,operations3.corr,operations3.rt,gender,age,vosi_object,vosi_spatial,exp_model,exp_photo,exp_math,exp_experiment
1,0,PFT1.png,ATT,1,4.2668453,-,-,-,-,f,18,59,47,1,4,1,0
1,0,PFT4.png,ATT,1,-,-,-,-,-,f,18,59,47,1,4,1,0
1,0,PFT6.png,ATT,0,3.3543702,-,-,-,-,f,18,59,47,1,4,1,0
1,0,PFT14.png,ATT,-,-,1,22.5407534,-,-,f,18,59,47,1,4,1,0
1,0,PFT18.png,ATT,-,-,-,-,1,10.4494047,f,18,59,47,1,4,1,0
1,0,PFT19.png,ATT,-,-,-,-,1,44.9945237,f,18,59,47,1,4,1,0
1,0,PFT21.png,ATT,-,-,-,-,1,11.9214365,f,18,59,47,1,4,1,0
1,0,PFT7.png,ATT,1,2.6590484,-,-,-,-,f,18,59,47,1,4,1,0
1,0,PFT13.png,ATT,-,-,0,6.7557636,-,-,f,18,59,47,1,4,1,0
1,0,PFT8.png,ATT,0,3.8075409,-,-,-,-,f,18,59,47,1,4,1,0
1,0,PFT10.png,ATT,-,-,1,2.1024104,-,-,f,18,59,47,1,4,1,0
1,0,PFT3.png,ATT,1,-,-,-,-,-,f,18,59,47,1,4,1,0
1,0,PFT24.png,ATT,-,-,-,-,0,8.6588505,f,18,59,47,1,4,1,0
1,0,PFT17.png,ATT,-,-,-,-,1,8.1650173,f,18,59,47,1,4,1,0
1,0,PFT11.png,ATT,-,-,1,8.2762617,-,-,f,18,59,47,1,4,1,0
1,0,PFT5.png,ATT,1,2.7423233,-,-,-,-,f,18,59,47,1,4,1,0
1,0,PFT23.png,ATT,-,-,-,-,1,63.1590327,f,18,59,47,1,4,1,0
1,0,PFT9.png,ATT,-,-,0,9.7554542,-,-,f,18,59,47,1,4,1,0
1,0,PFT15.png,ATT,-,-,1,4.7956367,-,-,f,18,59,47,1,4,1,0
1,0,PFT16.png,ATT,-,-,0,6.8281547,-,-,f,18,59,47,1,4,1,0
1,0,PFT2.png,ATT,1,4.6026597,-,-,-,-,f,18,59,47,1,4,1,0
2,0,PFT21.png,ATT,-,-,-,-,1,26.71443,f,20,68,43,4,5,7,0
2,0,PFT16.png,ATT,-,-,0,6.434369,-,-,f,20,68,43,4,5,7,0
2,0,PFT19.png,ATT,-,-,-,-,1,24.5261509,f,20,68,43,4,5,7,0
2,0,PFT23.png,ATT,-,-,-,-,1,2.8303681,f,20,68,43,4,5,7,0
2,0,PFT9.png,ATT,-,-,0,10.1005547,-,-,f,20,68,43,4,5,7,0
2,0,PFT6.png,ATT,0,1.3051618,-,-,-,-,f,20,68,43,4,5,7,0
2,0,PFT10.png,ATT,-,-,1,3.2376065,-,-,f,20,68,43,4,5,7,0
2,0,PFT3.png,ATT,1,3.5277919,-,-,-,-,f,20,68,43,4,5,7,0
2,0,PFT13.png,ATT,-,-,1,6.3390798,-,-,f,20,68,43,4,5,7,0
2,0,PFT18.png,ATT,-,-,-,-,1,14.2222625,f,20,68,43,4,5,7,0
2,0,PFT5.png,ATT,1,4.4671834,-,-,-,-,f,20,68,43,4,5,7,0
2,0,PFT11.png,ATT,-,-,1,13.5054074,-,-,f,20,68,43,4,5,7,0
2,0,PFT15.png,ATT,-,-,0,7.7364156,-,-,f,20,68,43,4,5,7,0
2,0,PFT24.png,ATT,-,-,-,-,0,14.8719973,f,20,68,43,4,5,7,0
2,0,PFT8.png,ATT,0,1.897861,-,-,-,-,f,20,68,43,4,5,7,0
2,0,PFT2.png,ATT,1,2.0994164,-,-,-,-,f,20,68,43,4,5,7,0
2,0,PFT1.png,ATT,1,1.7808415,-,-,-,-,f,20,68,43,4,5,7,0
2,0,PFT7.png,ATT,1,3.6625386,-,-,-,-,f,20,68,43,4,5,7,0
2,0,PFT17.png,ATT,-,-,-,-,1,5.2461573,f,20,68,43,4,5,7,0
2,0,PFT4.png,ATT,1,3.8152309,-,-,-,-,f,20,68,43,4,5,7,0
3,0,PFT5.png,ATT,1,2.1872736,-,-,-,-,f,23,66,53,1,4,5,1
3,0,PFT8.png,ATT,0,1.3997514,-,-,-,-,f,23,66,53,1,4,5,1
3,0,PFT9.png,ATT,-,-,1,4.8063725,-,-,f,23,66,53,1,4,5,1
3,0,PFT3.png,ATT,0,4.5187634,-,-,-,-,f,23,66,53,1,4,5,1
3,0,PFT11.png,ATT,-,-,1,3.1515084,-,-,f,23,66,53,1,4,5,1
3,0,PFT2.png,ATT,0,-,-,-,-,-,f,23,66,53,1,4,5,1
3,0,PFT21.png,ATT,-,-,-,-,0,60.77606,f,23,66,53,1,4,5,1
3,0,PFT18.png,ATT,-,-,-,-,1,3.9337187,f,23,66,53,1,4,5,1
3,0,PFT7.png,ATT,1,2.7971903,-,-,-,-,f,23,66,53,1,4,5,1
3,0,PFT15.png,ATT,-,-,1,9.0369859,-,-,f,23,66,53,1,4,5,1
3,0,PFT16.png,ATT,-,-,1,4.9389484,-,-,f,23,66,53,1,4,5,1
3,0,PFT1.png,ATT,1,2.1168419,-,-,-,-,f,23,66,53,1,4,5,1
3,0,PFT13.png,ATT,-,-,1,2.3499687,-,-,f,23,66,53,1,4,5,1
3,0,PFT10.png,ATT,-,-,1,3.2410682,-,-,f,23,66,53,1,4,5,1
3,0,PFT4.png,ATT,0,11.7010987,-,-,-,-,f,23,66,53,1,4,5,1
3,0,PFT6.png,ATT,0,1.5913876,-,-,-,-,f,23,66,53,1,4,5,1
3,0,PFT23.png,ATT,-,-,-,-,1,9.8026064,f,23,66,53,1,4,5,1
3,0,PFT17.png,ATT,-,-,-,-,1,17.7178061,f,23,66,53,1,4,5,1
3,0,PFT19.png,ATT,-,-,-,-,0,13.9719133,f,23,66,53,1,4,5,1
3,0,PFT24.png,ATT,-,-,-,-,0,2.4784846,f,23,66,53,1,4,5,1
4,0,PFT15.png,ATT,-,-,1,2.4615822,-,-,f,20,45,28,1,3,5,0
4,0,PFT17.png,ATT,-,-,-,-,1,2.5072321,f,20,45,28,1,3,5,0
4,0,PFT8.png,ATT,0,2.4996436,-,-,-,-,f,20,45,28,1,3,5,0
4,0,PFT24.png,ATT,-,-,-,-,0,1.959825,f,20,45,28,1,3,5,0
4,0,PFT10.png,ATT,-,-,1,1.2011601,-,-,f,20,45,28,1,3,5,0
4,0,PFT16.png,ATT,-,-,1,3.2162201,-,-,f,20,45,28,1,3,5,0
4,0,PFT9.png,ATT,-,-,1,3.1753239,-,-,f,20,45,28,1,3,5,0
4,0,PFT2.png,ATT,1,3.4726175,-,-,-,-,f,20,45,28,1,3,5,0
4,0,PFT5.png,ATT,1,1.0701409,-,-,-,-,f,20,45,28,1,3,5,0
4,0,PFT23.png,ATT,-,-,-,-,1,2.6220941,f,20,45,28,1,3,5,0
4,0,PFT6.png,ATT,0,0.9918916,-,-,-,-,f,20,45,28,1,3,5,0
4,0,PFT18.png,ATT,-,-,-,-,1,3.1874853,f,20,45,28,1,3,5,0
4,0,PFT4.png,ATT,1,2.1794831,-,-,-,-,f,20,45,28,1,3,5,0
4,0,PFT7.png,ATT,1,1.4319908,-,-,-,-,f,20,45,28,1,3,5,0
4,0,PFT11.png,ATT,-,-,1,6.0380126,-,-,f,20,45,28,1,3,5,0
4,0,PFT13.png,ATT,-,-,1,2.6633048,-,-,f,20,45,28,1,3,5,0
4,0,PFT3.png,ATT,1,1.2349505,-,-,-,-,f,20,45,28,1,3,5,0
4,0,PFT19.png,ATT,-,-,-,-,1,1.30995,f,20,45,28,1,3,5,0
4,0,PFT21.png,ATT,-,-,-,-,1,1.8790087,f,20,45,28,1,3,5,0
4,0,PFT1.png,ATT,1,1.5261423,-,-,-,-,f,20,45,28,1,3,5,0
11,0,PFT6.png,PFT,1,2.3312495,-,-,-,-,f,18,44,26,1,2,5,0
11,0,PFT1.png,PFT,1,6.8426813,-,-,-,-,f,18,44,26,1,2,5,0
11,0,PFT21.png,PFT,-,-,-,-,1,18.8221323,f,18,44,26,1,2,5,0
11,0,PFT15.png,PFT,-,-,1,13.0290502,-,-,f,18,44,26,1,2,5,0
11,0,PFT19.png,PFT,-,-,-,-,1,6.4478135,f,18,44,26,1,2,5,0
11,0,PFT23.png,PFT,-,-,-,-,1,5.8878064,f,18,44,26,1,2,5,0
11,0,PFT17.png,PFT,-,-,-,-,1,11.4914664,f,18,44,26,1,2,5,0
11,0,PFT4.png,PFT,1,2.4754229,-,-,-,-,f,18,44,26,1,2,5,0
11,0,PFT10.png,PFT,-,-,1,3.1970605,-,-,f,18,44,26,1,2,5,0
11,0,PFT11.png,PFT,-,-,1,3.7167955,-,-,f,18,44,26,1,2,5,0
11,0,PFT2.png,PFT,1,1.375533,-,-,-,-,f,18,44,26,1,2,5,0
11,0,PFT8.png,PFT,1,1.6127589,-,-,-,-,f,18,44,26,1,2,5,0
11,0,PFT3.png,PFT,1,1.7284095,-,-,-,-,f,18,44,26,1,2,5,0
11,0,PFT13.png,PFT,-,-,1,4.0856932,-,-,f,18,44,26,1,2,5,0
11,0,PFT24.png,PFT,-,-,-,-,1,4.9836456,f,18,44,26,1,2,5,0
11,0,PFT5.png,PFT,1,1.7851594,-,-,-,-,f,18,44,26,1,2,5,0
11,0,PFT18.png,PFT,-,-,-,-,1,6.0774499,f,18,44,26,1,2,5,0
11,0,PFT16.png,PFT,-,-,1,4.685197,-,-,f,18,44,26,1,2,5,0
11,0,PFT9.png,PFT,-,-,1,2.7675031,-,-,f,18,44,26,1,2,5,0
11,0,PFT7.png,PFT,1,2.183424,-,-,-,-,f,18,44,26,1,2,5,0
12,0,PFT23.png,PFT,-,-,-,-,1,16.2060154,m,18,58,47,1,3,3,0
12,0,PFT10.png,PFT,-,-,1,11.1160029,-,-,m,18,58,47,1,3,3,0
12,0,PFT4.png,PFT,1,2.945149,-,-,-,-,m,18,58,47,1,3,3,0
12,0,PFT18.png,PFT,-,-,-,-,1,9.6807423,m,18,58,47,1,3,3,0
12,0,PFT2.png,PFT,1,2.0896444,-,-,-,-,m,18,58,47,1,3,3,0
12,0,PFT24.png,PFT,-,-,-,-,1,10.418011,m,18,58,47,1,3,3,0
12,0,PFT21.png,PFT,-,-,-,-,1,22.2689367,m,18,58,47,1,3,3,0
12,0,PFT9.png,PFT,-,-,1,10.8368752,-,-,m,18,58,47,1,3,3,0
12,0,PFT3.png,PFT,1,2.8514636,-,-,-,-,m,18,58,47,1,3,3,0
12,0,PFT8.png,PFT,1,2.6338209,-,-,-,-,m,18,58,47,1,3,3,0
12,0,PFT6.png,PFT,1,2.442522,-,-,-,-,m,18,58,47,1,3,3,0
12,0,PFT19.png,PFT,-,-,-,-,1,15.6744226,m,18,58,47,1,3,3,0
12,0,PFT5.png,PFT,1,4.4815862,-,-,-,-,m,18,58,47,1,3,3,0
12,0,PFT15.png,PFT,-,-,1,25.4230968,-,-,m,18,58,47,1,3,3,0
12,0,PFT11.png,PFT,-,-,1,8.3905804,-,-,m,18,58,47,1,3,3,0
12,0,PFT16.png,PFT,-,-,1,9.222352,-,-,m,18,58,47,1,3,3,0
12,0,PFT7.png,PFT,1,3.3663396,-,-,-,-,m,18,58,47,1,3,3,0
12,0,PFT13.png,PFT,-,-,1,3.4059941,-,-,m,18,58,47,1,3,3,0
12,0,PFT17.png,PFT,-,-,-,-,1,5.1518075,m,18,58,47,1,3,3,0
12,0,PFT1.png,PFT,1,3.4614688,-,-,-,-,m,18,58,47,1,3,3,0
13,0,PFT1.png,PFT,1,1.7475094,-,-,-,-,f,21,57,34,1,5,5,1
13,0,PFT11.png,PFT,-,-,1,2.0120675,-,-,f,21,57,34,1,5,5,1
13,0,PFT13.png,PFT,-,-,1,8.6541376,-,-,f,21,57,34,1,5,5,1
13,0,PFT3.png,PFT,1,1.3124122,-,-,-,-,f,21,57,34,1,5,5,1
13,0,PFT8.png,PFT,1,1.9733744,-,-,-,-,f,21,57,34,1,5,5,1
13,0,PFT23.png,PFT,-,-,-,-,0,10.1263737,f,21,57,34,1,5,5,1
13,0,PFT7.png,PFT,1,2.0875923,-,-,-,-,f,21,57,34,1,5,5,1
13,0,PFT16.png,PFT,-,-,1,4.570401,-,-,f,21,57,34,1,5,5,1
13,0,PFT19.png,PFT,-,-,-,-,1,12.4697198,f,21,57,34,1,5,5,1
13,0,PFT10.png,PFT,-,-,1,2.3773152,-,-,f,21,57,34,1,5,5,1
13,0,PFT2.png,PFT,1,1.9320298,-,-,-,-,f,21,57,34,1,5,5,1
13,0,PFT18.png,PFT,-,-,-,-,1,7.0116366,f,21,57,34,1,5,5,1
13,0,PFT17.png,PFT,-,-,-,-,1,5.4408291,f,21,57,34,1,5,5,1
13,0,PFT4.png,PFT,1,1.8195635,-,-,-,-,f,21,57,34,1,5,5,1
13,0,PFT5.png,PFT,1,1.2486443,-,-,-,-,f,21,57,34,1,5,5,1
13,0,PFT9.png,PFT,-,-,1,2.5685306,-,-,f,21,57,34,1,5,5,1
13,0,PFT24.png,PFT,-,-,-,-,1,4.8053974,f,21,57,34,1,5,5,1
13,0,PFT6.png,PFT,1,1.9808734,-,-,-,-,f,21,57,34,1,5,5,1
13,0,PFT21.png,PFT,-,-,-,-,1,6.323781,f,21,57,34,1,5,5,1
13,0,PFT15.png,PFT,-,-,1,11.4724094,-,-,f,21,57,34,1,5,5,1
14,0,PFT3.png,PFT,1,4.8543274,-,-,-,-,f,20,57,34,1,7,4,0
14,0,PFT24.png,PFT,-,-,-,-,1,9.8382901,f,20,57,34,1,7,4,0
14,0,PFT19.png,PFT,-,-,-,-,1,11.4849135,f,20,57,34,1,7,4,0
14,0,PFT17.png,PFT,-,-,-,-,1,4.8751312,f,20,57,34,1,7,4,0
14,0,PFT18.png,PFT,-,-,-,-,1,5.947325,f,20,57,34,1,7,4,0
14,0,PFT13.png,PFT,-,-,1,3.4652039,-,-,f,20,57,34,1,7,4,0
14,0,PFT8.png,PFT,1,5.1581639,-,-,-,-,f,20,57,34,1,7,4,0
14,0,PFT6.png,PFT,0,5.2633064,-,-,-,-,f,20,57,34,1,7,4,0
14,0,PFT4.png,PFT,1,6.9577633,-,-,-,-,f,20,57,34,1,7,4,0
14,0,PFT15.png,PFT,-,-,1,13.214013,-,-,f,20,57,34,1,7,4,0
14,0,PFT2.png,PFT,1,1.989254,-,-,-,-,f,20,57,34,1,7,4,0
14,0,PFT21.png,PFT,-,-,-,-,0,28.091988,f,20,57,34,1,7,4,0
14,0,PFT1.png,PFT,1,3.6476135,-,-,-,-,f,20,57,34,1,7,4,0
14,0,PFT5.png,PFT,1,4.4347681,-,-,-,-,f,20,57,34,1,7,4,0
14,0,PFT16.png,PFT,-,-,1,10.3802915,-,-,f,20,57,34,1,7,4,0
14,0,PFT11.png,PFT,-,-,1,5.4073874,-,-,f,20,57,34,1,7,4,0
14,0,PFT10.png,PFT,-,-,1,2.0619441,-,-,f,20,57,34,1,7,4,0
14,0,PFT9.png,PFT,-,-,1,4.2042054,-,-,f,20,57,34,1,7,4,0
14,0,PFT7.png,PFT,1,3.6603648,-,-,-,-,f,20,57,34,1,7,4,0
14,0,PFT23.png,PFT,-,-,-,-,1,8.9978693,f,20,57,34,1,7,4,0
5,0,PFT5.png,ATT,1,2.9766562,-,-,-,-,f,19,60,37,1,5,4,0
5,0,PFT1.png,ATT,0,4.9300231,-,-,-,-,f,19,60,37,1,5,4,0
5,0,PFT13.png,ATT,-,-,0,10.1269557,-,-,f,19,60,37,1,5,4,0
5,0,PFT7.png,ATT,0,2.3688072,-,-,-,-,f,19,60,37,1,5,4,0
5,0,PFT3.png,ATT,0,4.5620217,-,-,-,-,f,19,60,37,1,5,4,0
5,0,PFT15.png,ATT,-,-,0,12.5748657,-,-,f,19,60,37,1,5,4,0
5,0,PFT19.png,ATT,-,-,-,-,0,15.5052033,f,19,60,37,1,5,4,0
5,0,PFT9.png,ATT,-,-,0,4.5667691,-,-,f,19,60,37,1,5,4,0
5,0,PFT21.png,ATT,-,-,-,-,0,3.1860118,f,19,60,37,1,5,4,0
5,0,PFT6.png,ATT,0,5.0298799,-,-,-,-,f,19,60,37,1,5,4,0
5,0,PFT24.png,ATT,-,-,-,-,0,13.5452456,f,19,60,37,1,5,4,0
5,0,PFT17.png,ATT,-,-,-,-,0,5.5774361,f,19,60,37,1,5,4,0
5,0,PFT18.png,ATT,-,-,-,-,1,5.7453823,f,19,60,37,1,5,4,0
5,0,PFT8.png,ATT,0,2.685311,-,-,-,-,f,19,60,37,1,5,4,0
5,0,PFT10.png,ATT,-,-,0,1.7048434,-,-,f,19,60,37,1,5,4,0
5,0,PFT2.png,ATT,1,2.6175091,-,-,-,-,f,19,60,37,1,5,4,0
5,0,PFT23.png,ATT,-,-,-,-,0,8.8567018,f,19,60,37,1,5,4,0
5,0,PFT16.png,ATT,-,-,0,5.9631059,-,-,f,19,60,37,1,5,4,0
5,0,PFT4.png,ATT,0,2.1747247,-,-,-,-,f,19,60,37,1,5,4,0
5,0,PFT11.png,ATT,-,-,0,3.7496068,-,-,f,19,60,37,1,5,4,0
15,0,PFT11.png,PFT,-,-,0,2.9482952,-,-,f,21,62,38,1,4,2,0
15,0,PFT7.png,PFT,1,2.0040463,-,-,-,-,f,21,62,38,1,4,2,0
15,0,PFT1.png,PFT,1,4.6046036,-,-,-,-,f,21,62,38,1,4,2,0
15,0,PFT2.png,PFT,1,1.6323949,-,-,-,-,f,21,62,38,1,4,2,0
15,0,PFT8.png,PFT,1,1.5409895,-,-,-,-,f,21,62,38,1,4,2,0
15,0,PFT17.png,PFT,-,-,-,-,1,6.1842004,f,21,62,38,1,4,2,0
15,0,PFT21.png,PFT,-,-,-,-,1,6.5098628,f,21,62,38,1,4,2,0
15,0,PFT5.png,PFT,1,3.1601049,-,-,-,-,f,21,62,38,1,4,2,0
15,0,PFT23.png,PFT,-,-,-,-,0,10.3520803,f,21,62,38,1,4,2,0
15,0,PFT6.png,PFT,1,2.2924067,-,-,-,-,f,21,62,38,1,4,2,0
15,0,PFT18.png,PFT,-,-,-,-,0,8.5516576,f,21,62,38,1,4,2,0
15,0,PFT19.png,PFT,-,-,-,-,0,2.4825953,f,21,62,38,1,4,2,0
15,0,PFT3.png,PFT,1,1.9189299,-,-,-,-,f,21,62,38,1,4,2,0
15,0,PFT13.png,PFT,-,-,1,7.7908226,-,-,f,21,62,38,1,4,2,0
15,0,PFT4.png,PFT,1,2.1704856,-,-,-,-,f,21,62,38,1,4,2,0
15,0,PFT16.png,PFT,-,-,1,3.4255729,-,-,f,21,62,38,1,4,2,0
15,0,PFT15.png,PFT,-,-,0,10.2295702,-,-,f,21,62,38,1,4,2,0
15,0,PFT24.png,PFT,-,-,-,-,1,7.1481492,f,21,62,38,1,4,2,0
15,0,PFT9.png,PFT,-,-,0,6.2940814,-,-,f,21,62,38,1,4,2,0
15,0,PFT10.png,PFT,-,-,0,3.5965927,-,-,f,21,62,38,1,4,2,0
6,0,PFT2.png,ATT,1,-,-,-,-,-,f,21,60,40,1,2,4,0
6,0,PFT7.png,ATT,0,4.7773713,-,-,-,-,f,21,60,40,1,2,4,0
6,0,PFT24.png,ATT,-,-,-,-,1,42.7231087,f,21,60,40,1,2,4,0
6,0,PFT5.png,ATT,1,2.7642979,-,-,-,-,f,21,60,40,1,2,4,0
6,0,PFT10.png,ATT,-,-,0,2.8453559,-,-,f,21,60,40,1,2,4,0
6,0,PFT23.png,ATT,-,-,-,-,0,4.6181713,f,21,60,40,1,2,4,0
6,0,PFT9.png,ATT,-,-,0,23.3693297,-,-,f,21,60,40,1,2,4,0
6,0,PFT19.png,ATT,-,-,-,-,0,6.3080923,f,21,60,40,1,2,4,0
6,0,PFT8.png,ATT,0,2.5658895,-,-,-,-,f,21,60,40,1,2,4,0
6,0,PFT4.png,ATT,0,2.1810506,-,-,-,-,f,21,60,40,1,2,4,0
6,0,PFT1.png,ATT,0,2.0052978,-,-,-,-,f,21,60,40,1,2,4,0
6,0,PFT18.png,ATT,-,-,-,-,1,4.4042594,f,21,60,40,1,2,4,0
6,0,PFT3.png,ATT,0,-,-,-,-,-,f,21,60,40,1,2,4,0
6,0,PFT17.png,ATT,-,-,-,-,0,11.5267296,f,21,60,40,1,2,4,0
6,0,PFT13.png,ATT,-,-,0,4.7719757,-,-,f,21,60,40,1,2,4,0
6,0,PFT15.png,ATT,-,-,0,14.4718834,-,-,f,21,60,40,1,2,4,0
6,0,PFT16.png,ATT,-,-,0,18.8086891,-,-,f,21,60,40,1,2,4,0
6,0,PFT6.png,ATT,0,3.4012014,-,-,-,-,f,21,60,40,1,2,4,0
6,0,PFT21.png,ATT,-,-,-,-,0,21.0595031,f,21,60,40,1,2,4,0
6,0,PFT11.png,ATT,-,-,0,3.5875478,-,-,f,21,60,40,1,2,4,0
21,1,PFT13.png,ATT,-,-,0,10.017499,-,-,f,19,66,38,1,7,6,0
21,1,PFT1.png,ATT,0,5.6606095,-,-,-,-,f,19,66,38,1,7,6,0
21,1,PFT18.png,ATT,-,-,-,-,1,20.2119151,f,19,66,38,1,7,6,0
21,1,PFT15.png,ATT,-,-,0,20.66823,-,-,f,19,66,38,1,7,6,0
21,1,PFT2.png,ATT,1,6.5346047,-,-,-,-,f,19,66,38,1,7,6,0
21,1,PFT10.png,ATT,-,-,0,8.5441642,-,-,f,19,66,38,1,7,6,0
21,1,PFT16.png,ATT,-,-,0,20.3153974,-,-,f,19,66,38,1,7,6,0
21,1,PFT4.png,ATT,0,2.38258,-,-,-,-,f,19,66,38,1,7,6,0
21,1,PFT19.png,ATT,-,-,-,-,0,7.8071006,f,19,66,38,1,7,6,0
21,1,PFT23.png,ATT,-,-,-,-,0,18.5074132,f,19,66,38,1,7,6,0
21,1,PFT17.png,ATT,-,-,-,-,0,11.3046079,f,19,66,38,1,7,6,0
21,1,PFT21.png,ATT,-,-,-,-,0,22.4547667,f,19,66,38,1,7,6,0
21,1,PFT8.png,ATT,0,6.3023429,-,-,-,-,f,19,66,38,1,7,6,0
21,1,PFT11.png,ATT,-,-,0,27.9217436,-,-,f,19,66,38,1,7,6,0
21,1,PFT6.png,ATT,0,1.8663996,-,-,-,-,f,19,66,38,1,7,6,0
21,1,PFT9.png,ATT,-,-,0,2.5094641,-,-,f,19,66,38,1,7,6,0
21,1,PFT5.png,ATT,1,1.7561883,-,-,-,-,f,19,66,38,1,7,6,0
21,1,PFT24.png,ATT,-,-,-,-,0,13.0694952,f,19,66,38,1,7,6,0
21,1,PFT3.png,ATT,0,4.1729031,-,-,-,-,f,19,66,38,1,7,6,0
21,1,PFT7.png,ATT,0,2.216948,-,-,-,-,f,19,66,38,1,7,6,0
22,1,PFT17.png,ATT,-,-,-,-,0,5.1466865,f,19,54,44,1,3,4,0
22,1,PFT7.png,ATT,1,3.6495265,-,-,-,-,f,19,54,44,1,3,4,0
22,1,PFT3.png,ATT,0,6.3530647,-,-,-,-,f,19,54,44,1,3,4,0
22,1,PFT5.png,ATT,1,4.623319,-,-,-,-,f,19,54,44,1,3,4,0
22,1,PFT13.png,ATT,-,-,0,6.7646492,-,-,f,19,54,44,1,3,4,0
22,1,PFT19.png,ATT,-,-,-,-,0,9.011038,f,19,54,44,1,3,4,0
22,1,PFT15.png,ATT,-,-,1,6.3248246,-,-,f,19,54,44,1,3,4,0
22,1,PFT1.png,ATT,1,7.9449378,-,-,-,-,f,19,54,44,1,3,4,0
22,1,PFT23.png,ATT,-,-,-,-,1,3.5560565,f,19,54,44,1,3,4,0
22,1,PFT9.png,ATT,-,-,0,5.0370488,-,-,f,19,54,44,1,3,4,0
22,1,PFT11.png,ATT,-,-,1,5.2830849,-,-,f,19,54,44,1,3,4,0
22,1,PFT8.png,ATT,1,2.5066737,-,-,-,-,f,19,54,44,1,3,4,0
22,1,PFT4.png,ATT,1,3.0268293,-,-,-,-,f,19,54,44,1,3,4,0
22,1,PFT24.png,ATT,-,-,-,-,0,7.2388864,f,19,54,44,1,3,4,0
22,1,PFT10.png,ATT,-,-,0,1.9729314,-,-,f,19,54,44,1,3,4,0
22,1,PFT2.png,ATT,1,4.3406888,-,-,-,-,f,19,54,44,1,3,4,0
22,1,PFT16.png,ATT,-,-,0,2.3040285,-,-,f,19,54,44,1,3,4,0
22,1,PFT6.png,ATT,1,3.2777894,-,-,-,-,f,19,54,44,1,3,4,0
22,1,PFT21.png,ATT,-,-,-,-,1,2.252147,f,19,54,44,1,3,4,0
22,1,PFT18.png,ATT,-,-,-,-,0,7.7881484,f,19,54,44,1,3,4,0
31,1,PFT11.png,PFT,-,-,1,17.3107151,-,-,f,19,60,37,1,6,4,0
31,1,PFT17.png,PFT,-,-,-,-,1,13.4026011,f,19,60,37,1,6,4,0
31,1,PFT5.png,PFT,1,2.741876,-,-,-,-,f,19,60,37,1,6,4,0
31,1,PFT19.png,PFT,-,-,-,-,1,12.0190104,f,19,60,37,1,6,4,0
31,1,PFT3.png,PFT,1,2.7490324,-,-,-,-,f,19,60,37,1,6,4,0
31,1,PFT7.png,PFT,1,3.8961804,-,-,-,-,f,19,60,37,1,6,4,0
31,1,PFT15.png,PFT,-,-,1,13.0315169,-,-,f,19,60,37,1,6,4,0
31,1,PFT13.png,PFT,-,-,1,7.7735905,-,-,f,19,60,37,1,6,4,0
31,1,PFT18.png,PFT,-,-,-,-,1,15.6114264,f,19,60,37,1,6,4,0
31,1,PFT8.png,PFT,1,2.5069905,-,-,-,-,f,19,60,37,1,6,4,0
31,1,PFT1.png,PFT,1,2.2872533,-,-,-,-,f,19,60,37,1,6,4,0
31,1,PFT21.png,PFT,-,-,-,-,0,15.8184621,f,19,60,37,1,6,4,0
31,1,PFT6.png,PFT,0,3.4402312,-,-,-,-,f,19,60,37,1,6,4,0
31,1,PFT23.png,PFT,-,-,-,-,0,23.0525838,f,19,60,37,1,6,4,0
31,1,PFT16.png,PFT,-,-,1,6.5021136,-,-,f,19,60,37,1,6,4,0
31,1,PFT2.png,PFT,1,2.8252737,-,-,-,-,f,19,60,37,1,6,4,0
31,1,PFT4.png,PFT,1,3.277606,-,-,-,-,f,19,60,37,1,6,4,0
31,1,PFT24.png,PFT,-,-,-,-,1,11.4387968,f,19,60,37,1,6,4,0
31,1,PFT10.png,PFT,-,-,1,1.8282945,-,-,f,19,60,37,1,6,4,0
31,1,PFT9.png,PFT,-,-,1,9.5245329,-,-,f,19,60,37,1,6,4,0
32,1,PFT18.png,PFT,-,-,-,-,1,7.9789414,f,19,60,31,1,5,3,0
32,1,PFT8.png,PFT,0,2.9239962,-,-,-,-,f,19,60,31,1,5,3,0
32,1,PFT19.png,PFT,-,-,-,-,0,14.042087,f,19,60,31,1,5,3,0
32,1,PFT13.png,PFT,-,-,0,4.493288,-,-,f,19,60,31,1,5,3,0
32,1,PFT7.png,PFT,1,2.9029558,-,-,-,-,f,19,60,31,1,5,3,0
32,1,PFT15.png,PFT,-,-,1,10.3800182,-,-,f,19,60,31,1,5,3,0
32,1,PFT23.png,PFT,-,-,-,-,0,14.269773,f,19,60,31,1,5,3,0
32,1,PFT2.png,PFT,1,2.1614766,-,-,-,-,f,19,60,31,1,5,3,0
32,1,PFT10.png,PFT,-,-,1,10.7808518,-,-,f,19,60,31,1,5,3,0
32,1,PFT3.png,PFT,1,1.8376684,-,-,-,-,f,19,60,31,1,5,3,0
32,1,PFT6.png,PFT,1,2.7502376,-,-,-,-,f,19,60,31,1,5,3,0
32,1,PFT11.png,PFT,-,-,0,10.1361495,-,-,f,19,60,31,1,5,3,0
32,1,PFT21.png,PFT,-,-,-,-,0,14.7015749,f,19,60,31,1,5,3,0
32,1,PFT16.png,PFT,-,-,1,3.9513986,-,-,f,19,60,31,1,5,3,0
32,1,PFT1.png,PFT,1,2.4807217,-,-,-,-,f,19,60,31,1,5,3,0
32,1,PFT5.png,PFT,1,2.0442816,-,-,-,-,f,19,60,31,1,5,3,0
32,1,PFT24.png,PFT,-,-,-,-,1,8.822518,f,19,60,31,1,5,3,0
32,1,PFT4.png,PFT,1,1.5905178,-,-,-,-,f,19,60,31,1,5,3,0
32,1,PFT9.png,PFT,-,-,0,2.4302672,-,-,f,19,60,31,1,5,3,0
32,1,PFT17.png,PFT,-,-,-,-,1,3.4464991,f,19,60,31,1,5,3,0
23,1,PFT9.png,ATT,-,-,1,3.5285404,-,-,f,19,40,35,1,3,4,0
23,1,PFT11.png,ATT,-,-,0,4.9693409,-,-,f,19,40,35,1,3,4,0
23,1,PFT5.png,ATT,1,2.4138786,-,-,-,-,f,19,40,35,1,3,4,0
23,1,PFT18.png,ATT,-,-,-,-,0,14.3938038,f,19,40,35,1,3,4,0
23,1,PFT23.png,ATT,-,-,-,-,1,5.3138811,f,19,40,35,1,3,4,0
23,1,PFT19.png,ATT,-,-,-,-,1,7.0344015,f,19,40,35,1,3,4,0
23,1,PFT2.png,ATT,1,5.1133336,-,-,-,-,f,19,40,35,1,3,4,0
23,1,PFT13.png,ATT,-,-,0,3.0742931,-,-,f,19,40,35,1,3,4,0
23,1,PFT16.png,ATT,-,-,1,4.514782,-,-,f,19,40,35,1,3,4,0
23,1,PFT21.png,ATT,-,-,-,-,0,10.2184951,f,19,40,35,1,3,4,0
23,1,PFT10.png,ATT,-,-,0,5.600816,-,-,f,19,40,35,1,3,4,0
23,1,PFT17.png,ATT,-,-,-,-,1,4.4337363,f,19,40,35,1,3,4,0
23,1,PFT6.png,ATT,1,2.9333571,-,-,-,-,f,19,40,35,1,3,4,0
23,1,PFT24.png,ATT,-,-,-,-,0,23.0913856,f,19,40,35,1,3,4,0
23,1,PFT3.png,ATT,1,3.7882365,-,-,-,-,f,19,40,35,1,3,4,0
23,1,PFT4.png,ATT,1,1.9575249,-,-,-,-,f,19,40,35,1,3,4,0
23,1,PFT15.png,ATT,-,-,0,29.0616559,-,-,f,19,40,35,1,3,4,0
23,1,PFT1.png,ATT,1,3.8814114,-,-,-,-,f,19,40,35,1,3,4,0
23,1,PFT7.png,ATT,1,7.9172465,-,-,-,-,f,19,40,35,1,3,4,0
23,1,PFT8.png,ATT,1,1.9199435,-,-,-,-,f,19,40,35,1,3,4,0
33,1,PFT9.png,PFT,-,-,1,19.2765187,-,-,f,20,52,40,1,5,7,0
33,1,PFT7.png,PFT,1,5.9527617,-,-,-,-,f,20,52,40,1,5,7,0
33,1,PFT18.png,PFT,-,-,-,-,0,33.4529222,f,20,52,40,1,5,7,0
33,1,PFT1.png,PFT,1,8.7709324,-,-,-,-,f,20,52,40,1,5,7,0
33,1,PFT17.png,PFT,-,-,-,-,1,28.0368078,f,20,52,40,1,5,7,0
33,1,PFT4.png,PFT,1,-,-,-,-,-,f,20,52,40,1,5,7,0
33,1,PFT2.png,PFT,1,5.4362617,-,-,-,-,f,20,52,40,1,5,7,0
33,1,PFT5.png,PFT,1,5.8584854,-,-,-,-,f,20,52,40,1,5,7,0
33,1,PFT8.png,PFT,1,4.89598,-,-,-,-,f,20,52,40,1,5,7,0
33,1,PFT13.png,PFT,-,-,1,16.9010148,-,-,f,20,52,40,1,5,7,0
33,1,PFT24.png,PFT,-,-,-,-,1,8.9185661,f,20,52,40,1,5,7,0
33,1,PFT11.png,PFT,-,-,0,23.0913411,-,-,f,20,52,40,1,5,7,0
33,1,PFT15.png,PFT,-,-,1,24.9832801,-,-,f,20,52,40,1,5,7,0
33,1,PFT10.png,PFT,-,-,1,20.8428855,-,-,f,20,52,40,1,5,7,0
33,1,PFT21.png,PFT,-,-,-,-,0,34.8149722,f,20,52,40,1,5,7,0
33,1,PFT19.png,PFT,-,-,-,-,0,34.0958129,f,20,52,40,1,5,7,0
33,1,PFT6.png,PFT,1,3.6347172,-,-,-,-,f,20,52,40,1,5,7,0
33,1,PFT3.png,PFT,1,3.5655799,-,-,-,-,f,20,52,40,1,5,7,0
33,1,PFT16.png,PFT,-,-,0,23.2686833,-,-,f,20,52,40,1,5,7,0
33,1,PFT23.png,PFT,-,-,-,-,0,21.3798797,f,20,52,40,1,5,7,0
24,1,PFT11.png,ATT,-,-,1,7.7950186,-,-,f,20,50,38,1,3,5,0
24,1,PFT2.png,ATT,1,1.8066682,-,-,-,-,f,20,50,38,1,3,5,0
24,1,PFT13.png,ATT,-,-,1,12.7918723,-,-,f,20,50,38,1,3,5,0
24,1,PFT8.png,ATT,1,1.7386409,-,-,-,-,f,20,50,38,1,3,5,0
24,1,PFT3.png,ATT,1,1.2109927,-,-,-,-,f,20,50,38,1,3,5,0
24,1,PFT1.png,ATT,1,1.4986769,-,-,-,-,f,20,50,38,1,3,5,0
24,1,PFT17.png,ATT,-,-,-,-,1,2.2750939,f,20,50,38,1,3,5,0
24,1,PFT6.png,ATT,1,3.7220908,-,-,-,-,f,20,50,38,1,3,5,0
24,1,PFT18.png,ATT,-,-,-,-,1,2.9617737,f,20,50,38,1,3,5,0
24,1,PFT19.png,ATT,-,-,-,-,0,10.1441293,f,20,50,38,1,3,5,0
24,1,PFT10.png,ATT,-,-,1,3.8159115,-,-,f,20,50,38,1,3,5,0
24,1,PFT9.png,ATT,-,-,1,3.1427924,-,-,f,20,50,38,1,3,5,0
24,1,PFT24.png,ATT,-,-,-,-,1,4.052316,f,20,50,38,1,3,5,0
24,1,PFT21.png,ATT,-,-,-,-,1,10.3212646,f,20,50,38,1,3,5,0
24,1,PFT15.png,ATT,-,-,0,10.8451117,-,-,f,20,50,38,1,3,5,0
24,1,PFT4.png,ATT,1,2.5337216,-,-,-,-,f,20,50,38,1,3,5,0
24,1,PFT7.png,ATT,1,1.9208893,-,-,-,-,f,20,50,38,1,3,5,0
24,1,PFT23.png,ATT,-,-,-,-,1,19.1728702,f,20,50,38,1,3,5,0
24,1,PFT16.png,ATT,-,-,0,7.092881,-,-,f,20,50,38,1,3,5,0
24,1,PFT5.png,ATT,1,1.8780821,-,-,-,-,f,20,50,38,1,3,5,0
34,1,PFT4.png,PFT,1,5.7700023,-,-,-,-,f,19,57,41,3,6,6,0
34,1,PFT8.png,PFT,1,4.5351108,-,-,-,-,f,19,57,41,3,6,6,0
34,1,PFT24.png,PFT,-,-,-,-,1,4.8847432,f,19,57,41,3,6,6,0
34,1,PFT10.png,PFT,-,-,1,2.914194,-,-,f,19,57,41,3,6,6,0
34,1,PFT16.png,PFT,-,-,0,13.2648966,-,-,f,19,57,41,3,6,6,0
34,1,PFT18.png,PFT,-,-,-,-,1,8.9447674,f,19,57,41,3,6,6,0
34,1,PFT23.png,PFT,-,-,-,-,1,29.6957347,f,19,57,41,3,6,6,0
34,1,PFT5.png,PFT,1,4.5900516,-,-,-,-,f,19,57,41,3,6,6,0
34,1,PFT15.png,PFT,-,-,1,23.0063083,-,-,f,19,57,41,3,6,6,0
34,1,PFT1.png,PFT,1,3.9987514,-,-,-,-,f,19,57,41,3,6,6,0
34,1,PFT6.png,PFT,1,2.5590821,-,-,-,-,f,19,57,41,3,6,6,0
34,1,PFT9.png,PFT,-,-,1,3.4510435,-,-,f,19,57,41,3,6,6,0
34,1,PFT2.png,PFT,1,3.0289625,-,-,-,-,f,19,57,41,3,6,6,0
34,1,PFT11.png,PFT,-,-,1,4.6082784,-,-,f,19,57,41,3,6,6,0
34,1,PFT17.png,PFT,-,-,-,-,1,5.8957009,f,19,57,41,3,6,6,0
34,1,PFT19.png,PFT,-,-,-,-,1,5.2037142,f,19,57,41,3,6,6,0
34,1,PFT7.png,PFT,1,4.14516,-,-,-,-,f,19,57,41,3,6,6,0
34,1,PFT21.png,PFT,-,-,-,-,1,12.5722772,f,19,57,41,3,6,6,0
34,1,PFT3.png,PFT,1,5.8003509,-,-,-,-,f,19,57,41,3,6,6,0
34,1,PFT13.png,PFT,-,-,1,2.3019604,-,-,f,19,57,41,3,6,6,0
25,1,PFT18.png,ATT,-,-,-,-,1,7.6902749,f,21,69,38,1,5,2,0
25,1,PFT11.png,ATT,-,-,1,7.6718335,-,-,f,21,69,38,1,5,2,0
25,1,PFT1.png,ATT,1,7.5122542,-,-,-,-,f,21,69,38,1,5,2,0
25,1,PFT9.png,ATT,-,-,0,10.0447127,-,-,f,21,69,38,1,5,2,0
25,1,PFT10.png,ATT,-,-,0,9.227218,-,-,f,21,69,38,1,5,2,0
25,1,PFT19.png,ATT,-,-,-,-,0,4.9027755,f,21,69,38,1,5,2,0
25,1,PFT21.png,ATT,-,-,-,-,0,9.2317631,f,21,69,38,1,5,2,0
25,1,PFT8.png,ATT,1,10.1001494,-,-,-,-,f,21,69,38,1,5,2,0
25,1,PFT4.png,ATT,1,4.0442872,-,-,-,-,f,21,69,38,1,5,2,0
25,1,PFT7.png,ATT,1,10.694203,-,-,-,-,f,21,69,38,1,5,2,0
25,1,PFT24.png,ATT,-,-,-,-,1,6.7441061,f,21,69,38,1,5,2,0
25,1,PFT15.png,ATT,-,-,0,7.4051132,-,-,f,21,69,38,1,5,2,0
25,1,PFT16.png,ATT,-,-,0,5.1354559,-,-,f,21,69,38,1,5,2,0
25,1,PFT2.png,ATT,1,4.0709999,-,-,-,-,f,21,69,38,1,5,2,0
25,1,PFT5.png,ATT,1,4.4878142,-,-,-,-,f,21,69,38,1,5,2,0
25,1,PFT23.png,ATT,-,-,-,-,0,8.1160956,f,21,69,38,1,5,2,0
25,1,PFT17.png,ATT,-,-,-,-,1,7.7737097,f,21,69,38,1,5,2,0
25,1,PFT3.png,ATT,1,3.4760802,-,-,-,-,f,21,69,38,1,5,2,0
25,1,PFT6.png,ATT,1,2.406199,-,-,-,-,f,21,69,38,1,5,2,0
25,1,PFT13.png,ATT,-,-,0,8.2244567,-,-,f,21,69,38,1,5,2,0
26,1,PFT16.png,ATT,-,-,0,9.1691421,-,-,f,19,55,40,1,3,6,1
26,1,PFT8.png,ATT,1,3.9814425,-,-,-,-,f,19,55,40,1,3,6,1
26,1,PFT19.png,ATT,-,-,-,-,1,10.5153621,f,19,55,40,1,3,6,1
26,1,PFT5.png,ATT,1,1.8630602,-,-,-,-,f,19,55,40,1,3,6,1
26,1,PFT4.png,ATT,1,2.977976,-,-,-,-,f,19,55,40,1,3,6,1
26,1,PFT13.png,ATT,-,-,1,4.8702879,-,-,f,19,55,40,1,3,6,1
26,1,PFT2.png,ATT,1,2.1044576,-,-,-,-,f,19,55,40,1,3,6,1
26,1,PFT11.png,ATT,-,-,1,10.6932262,-,-,f,19,55,40,1,3,6,1
26,1,PFT6.png,ATT,1,1.9391612,-,-,-,-,f,19,55,40,1,3,6,1
26,1,PFT9.png,ATT,-,-,1,8.4401156,-,-,f,19,55,40,1,3,6,1
26,1,PFT15.png,ATT,-,-,1,21.6819118,-,-,f,19,55,40,1,3,6,1
26,1,PFT10.png,ATT,-,-,1,8.8853351,-,-,f,19,55,40,1,3,6,1
26,1,PFT23.png,ATT,-,-,-,-,0,8.2154454,f,19,55,40,1,3,6,1
26,1,PFT17.png,ATT,-,-,-,-,1,23.8714764,f,19,55,40,1,3,6,1
26,1,PFT21.png,ATT,-,-,-,-,1,19.2307558,f,19,55,40,1,3,6,1
26,1,PFT24.png,ATT,-,-,-,-,1,5.0746661,f,19,55,40,1,3,6,1
26,1,PFT3.png,ATT,1,3.4842294,-,-,-,-,f,19,55,40,1,3,6,1
26,1,PFT7.png,ATT,1,3.4462483,-,-,-,-,f,19,55,40,1,3,6,1
26,1,PFT1.png,ATT,1,4.4945893,-,-,-,-,f,19,55,40,1,3,6,1
26,1,PFT18.png,ATT,-,-,-,-,1,7.8566996,f,19,55,40,1,3,6,1
27,1,PFT18.png,ATT,-,-,-,-,1,9.4597137,f,28,56,32,2,5,4,0
27,1,PFT21.png,ATT,-,-,-,-,0,10.0209884,f,28,56,32,2,5,4,0
27,1,PFT15.png,ATT,-,-,1,10.8832585,-,-,f,28,56,32,2,5,4,0
27,1,PFT8.png,ATT,1,2.5983856,-,-,-,-,f,28,56,32,2,5,4,0
27,1,PFT9.png,ATT,-,-,1,4.9417495,-,-,f,28,56,32,2,5,4,0
27,1,PFT19.png,ATT,-,-,-,-,1,11.795626,f,28,56,32,2,5,4,0
27,1,PFT6.png,ATT,1,2.9498901,-,-,-,-,f,28,56,32,2,5,4,0
27,1,PFT17.png,ATT,-,-,-,-,1,14.3883858,f,28,56,32,2,5,4,0
27,1,PFT10.png,ATT,-,-,1,37.3154937,-,-,f,28,56,32,2,5,4,0
27,1,PFT7.png,ATT,1,4.706334,-,-,-,-,f,28,56,32,2,5,4,0
27,1,PFT13.png,ATT,-,-,1,10.657685,-,-,f,28,56,32,2,5,4,0
27,1,PFT2.png,ATT,1,4.6962633,-,-,-,-,f,28,56,32,2,5,4,0
27,1,PFT11.png,ATT,-,-,1,16.6465429,-,-,f,28,56,32,2,5,4,0
27,1,PFT24.png,ATT,-,-,-,-,1,36.9704348,f,28,56,32,2,5,4,0
27,1,PFT5.png,ATT,1,5.4066676,-,-,-,-,f,28,56,32,2,5,4,0
27,1,PFT23.png,ATT,-,-,-,-,1,25.1519495,f,28,56,32,2,5,4,0
27,1,PFT3.png,ATT,1,5.4166394,-,-,-,-,f,28,56,32,2,5,4,0
27,1,PFT1.png,ATT,1,3.6650823,-,-,-,-,f,28,56,32,2,5,4,0
27,1,PFT4.png,ATT,1,5.9661763,-,-,-,-,f,28,56,32,2,5,4,0
27,1,PFT16.png,ATT,-,-,1,13.6628121,-,-,f,28,56,32,2,5,4,0
28,1,PFT5.png,ATT,1,2.8553891,-,-,-,-,m,18,53,45,2,3,6,0
28,1,PFT6.png,ATT,1,3.1476312,-,-,-,-,m,18,53,45,2,3,6,0
28,1,PFT10.png,ATT,-,-,1,4.1590029,-,-,m,18,53,45,2,3,6,0
28,1,PFT23.png,ATT,-,-,-,-,0,4.5933916,m,18,53,45,2,3,6,0
28,1,PFT16.png,ATT,-,-,1,2.9258267,-,-,m,18,53,45,2,3,6,0
28,1,PFT18.png,ATT,-,-,-,-,1,4.6011434,m,18,53,45,2,3,6,0
28,1,PFT21.png,ATT,-,-,-,-,0,7.1644221,m,18,53,45,2,3,6,0
28,1,PFT3.png,ATT,1,2.2903482,-,-,-,-,m,18,53,45,2,3,6,0
28,1,PFT8.png,ATT,1,1.7464944,-,-,-,-,m,18,53,45,2,3,6,0
28,1,PFT17.png,ATT,-,-,-,-,1,5.6800229,m,18,53,45,2,3,6,0
28,1,PFT13.png,ATT,-,-,1,6.936984,-,-,m,18,53,45,2,3,6,0
28,1,PFT1.png,ATT,1,2.4459871,-,-,-,-,m,18,53,45,2,3,6,0
28,1,PFT15.png,ATT,-,-,0,7.6129734,-,-,m,18,53,45,2,3,6,0
28,1,PFT24.png,ATT,-,-,-,-,1,5.2044272,m,18,53,45,2,3,6,0
28,1,PFT9.png,ATT,-,-,1,6.7952822,-,-,m,18,53,45,2,3,6,0
28,1,PFT7.png,ATT,1,3.3398013,-,-,-,-,m,18,53,45,2,3,6,0
28,1,PFT2.png,ATT,1,2.7266782,-,-,-,-,m,18,53,45,2,3,6,0
28,1,PFT19.png,ATT,-,-,-,-,0,8.4599394,m,18,53,45,2,3,6,0
28,1,PFT11.png,ATT,-,-,1,3.762108,-,-,m,18,53,45,2,3,6,0
28,1,PFT4.png,ATT,1,1.9295621,-,-,-,-,m,18,53,45,2,3,6,0
35,1,PFT16.png,PFT,-,-,1,22.5455407,-,-,f,22,51,26,1,3,4,0
35,1,PFT10.png,PFT,-,-,1,5.4172697,-,-,f,22,51,26,1,3,4,0
35,1,PFT9.png,PFT,-,-,1,3.4842227,-,-,f,22,51,26,1,3,4,0
35,1,PFT3.png,PFT,1,7.8573302,-,-,-,-,f,22,51,26,1,3,4,0
35,1,PFT21.png,PFT,-,-,-,-,1,38.888943,f,22,51,26,1,3,4,0
35,1,PFT17.png,PFT,-,-,-,-,1,14.654117,f,22,51,26,1,3,4,0
35,1,PFT24.png,PFT,-,-,-,-,1,7.9301779,f,22,51,26,1,3,4,0
35,1,PFT5.png,PFT,1,3.8160919,-,-,-,-,f,22,51,26,1,3,4,0
35,1,PFT11.png,PFT,-,-,1,28.6174988,-,-,f,22,51,26,1,3,4,0
35,1,PFT2.png,PFT,1,2.9782511,-,-,-,-,f,22,51,26,1,3,4,0
35,1,PFT1.png,PFT,1,3.1894194,-,-,-,-,f,22,51,26,1,3,4,0
35,1,PFT6.png,PFT,0,4.7291563,-,-,-,-,f,22,51,26,1,3,4,0
35,1,PFT15.png,PFT,-,-,0,22.7374322,-,-,f,22,51,26,1,3,4,0
35,1,PFT7.png,PFT,1,3.8922307,-,-,-,-,f,22,51,26,1,3,4,0
35,1,PFT18.png,PFT,-,-,-,-,1,37.7836251,f,22,51,26,1,3,4,0
35,1,PFT13.png,PFT,-,-,1,4.6041778,-,-,f,22,51,26,1,3,4,0
35,1,PFT8.png,PFT,1,2.3227962,-,-,-,-,f,22,51,26,1,3,4,0
35,1,PFT4.png,PFT,1,2.2840205,-,-,-,-,f,22,51,26,1,3,4,0
35,1,PFT19.png,PFT,-,-,-,-,1,14.1720352,f,22,51,26,1,3,4,0
35,1,PFT23.png,PFT,-,-,-,-,1,4.6579863,f,22,51,26,1,3,4,0
36,1,PFT5.png,PFT,1,3.3331161,-,-,-,-,f,19,52,41,1,3,6,0
36,1,PFT17.png,PFT,-,-,-,-,1,2.8670103,f,19,52,41,1,3,6,0
36,1,PFT16.png,PFT,-,-,0,3.4599947,-,-,f,19,52,41,1,3,6,0
36,1,PFT2.png,PFT,1,2.0939265,-,-,-,-,f,19,52,41,1,3,6,0
36,1,PFT7.png,PFT,1,2.2946004,-,-,-,-,f,19,52,41,1,3,6,0
36,1,PFT8.png,PFT,1,2.0957608,-,-,-,-,f,19,52,41,1,3,6,0
36,1,PFT13.png,PFT,-,-,1,3.4764742,-,-,f,19,52,41,1,3,6,0
36,1,PFT6.png,PFT,1,3.5187496,-,-,-,-,f,19,52,41,1,3,6,0
36,1,PFT19.png,PFT,-,-,-,-,1,5.4682734,f,19,52,41,1,3,6,0
36,1,PFT3.png,PFT,1,1.0320875,-,-,-,-,f,19,52,41,1,3,6,0
36,1,PFT4.png,PFT,1,1.9383503,-,-,-,-,f,19,52,41,1,3,6,0
36,1,PFT15.png,PFT,-,-,0,12.7443888,-,-,f,19,52,41,1,3,6,0
36,1,PFT11.png,PFT,-,-,1,6.5112073,-,-,f,19,52,41,1,3,6,0
36,1,PFT18.png,PFT,-,-,-,-,1,11.5540418,f,19,52,41,1,3,6,0
36,1,PFT9.png,PFT,-,-,1,6.450565,-,-,f,19,52,41,1,3,6,0
36,1,PFT21.png,PFT,-,-,-,-,1,16.2227694,f,19,52,41,1,3,6,0
36,1,PFT1.png,PFT,1,1.7749383,-,-,-,-,f,19,52,41,1,3,6,0
36,1,PFT23.png,PFT,-,-,-,-,1,10.5949169,f,19,52,41,1,3,6,0
36,1,PFT10.png,PFT,-,-,1,2.5839373,-,-,f,19,52,41,1,3,6,0
36,1,PFT24.png,PFT,-,-,-,-,1,12.1883482,f,19,52,41,1,3,6,0
37,1,PFT7.png,PFT,1,4.9217609,-,-,-,-,f,20,51,43,1,2,5,0
37,1,PFT16.png,PFT,-,-,1,14.3119974,-,-,f,20,51,43,1,2,5,0
37,1,PFT2.png,PFT,1,6.0350082,-,-,-,-,f,20,51,43,1,2,5,0
37,1,PFT3.png,PFT,1,1.8682279,-,-,-,-,f,20,51,43,1,2,5,0
37,1,PFT8.png,PFT,1,7.0009811,-,-,-,-,f,20,51,43,1,2,5,0
37,1,PFT10.png,PFT,-,-,1,28.0757485,-,-,f,20,51,43,1,2,5,0
37,1,PFT15.png,PFT,-,-,0,-,-,-,f,20,51,43,1,2,5,0
37,1,PFT1.png,PFT,1,2.8237414,-,-,-,-,f,20,51,43,1,2,5,0
37,1,PFT11.png,PFT,-,-,1,34.3599712,-,-,f,20,51,43,1,2,5,0
37,1,PFT17.png,PFT,-,-,-,-,1,14.1374001,f,20,51,43,1,2,5,0
37,1,PFT5.png,PFT,1,2.7769512,-,-,-,-,f,20,51,43,1,2,5,0
37,1,PFT18.png,PFT,-,-,-,-,1,51.828575,f,20,51,43,1,2,5,0
37,1,PFT4.png,PFT,1,-,-,-,-,-,f,20,51,43,1,2,5,0
37,1,PFT19.png,PFT,-,-,-,-,1,24.9718806,f,20,51,43,1,2,5,0
37,1,PFT24.png,PFT,-,-,-,-,1,22.8212955,f,20,51,43,1,2,5,0
37,1,PFT13.png,PFT,-,-,1,18.9367266,-,-,f,20,51,43,1,2,5,0
37,1,PFT23.png,PFT,-,-,-,-,1,20.86011,f,20,51,43,1,2,5,0
37,1,PFT21.png,PFT,-,-,-,-,1,33.8333091,f,20,51,43,1,2,5,0
37,1,PFT9.png,PFT,-,-,1,17.1894132,-,-,f,20,51,43,1,2,5,0
37,1,PFT6.png,PFT,1,2.0549656,-,-,-,-,f,20,51,43,1,2,5,0
7,0,PFT5.png,ATT,1,2.7949007,-,-,-,-,f,19,45,36,1,6,4,0
7,0,PFT10.png,ATT,-,-,0,3.184092,-,-,f,19,45,36,1,6,4,0
7,0,PFT18.png,ATT,-,-,-,-,1,6.8165235,f,19,45,36,1,6,4,0
7,0,PFT1.png,ATT,1,1.7052763,-,-,-,-,f,19,45,36,1,6,4,0
7,0,PFT21.png,ATT,-,-,-,-,1,12.6585076,f,19,45,36,1,6,4,0
7,0,PFT9.png,ATT,-,-,0,4.31131,-,-,f,19,45,36,1,6,4,0
7,0,PFT24.png,ATT,-,-,-,-,1,8.9082115,f,19,45,36,1,6,4,0
7,0,PFT3.png,ATT,1,2.099344,-,-,-,-,f,19,45,36,1,6,4,0
7,0,PFT8.png,ATT,1,1.4949725,-,-,-,-,f,19,45,36,1,6,4,0
7,0,PFT17.png,ATT,-,-,-,-,1,8.8509441,f,19,45,36,1,6,4,0
7,0,PFT23.png,ATT,-,-,-,-,1,18.7645199,f,19,45,36,1,6,4,0
7,0,PFT15.png,ATT,-,-,0,16.988751,-,-,f,19,45,36,1,6,4,0
7,0,PFT7.png,ATT,1,4.444829,-,-,-,-,f,19,45,36,1,6,4,0
7,0,PFT6.png,ATT,1,3.2766764,-,-,-,-,f,19,45,36,1,6,4,0
7,0,PFT19.png,ATT,-,-,-,-,1,10.1189049,f,19,45,36,1,6,4,0
7,0,PFT16.png,ATT,-,-,1,13.6339529,-,-,f,19,45,36,1,6,4,0
7,0,PFT2.png,ATT,0,8.9689973,-,-,-,-,f,19,45,36,1,6,4,0
7,0,PFT4.png,ATT,1,3.1519814,-,-,-,-,f,19,45,36,1,6,4,0
7,0,PFT13.png,ATT,-,-,0,9.6993185,-,-,f,19,45,36,1,6,4,0
7,0,PFT11.png,ATT,-,-,0,7.235564,-,-,f,19,45,36,1,6,4,0
38,1,PFT1.png,PFT,1,11.1299269,-,-,-,-,m,20,60,43,1,2,6,0
38,1,PFT24.png,PFT,-,-,-,-,1,10.563674,m,20,60,43,1,2,6,0
38,1,PFT7.png,PFT,1,10.0194286,-,-,-,-,m,20,60,43,1,2,6,0
38,1,PFT23.png,PFT,-,-,-,-,1,27.7662799,m,20,60,43,1,2,6,0
38,1,PFT2.png,PFT,1,4.1538616,-,-,-,-,m,20,60,43,1,2,6,0
38,1,PFT6.png,PFT,1,4.7751314,-,-,-,-,m,20,60,43,1,2,6,0
38,1,PFT18.png,PFT,-,-,-,-,1,45.6200786,m,20,60,43,1,2,6,0
38,1,PFT8.png,PFT,1,4.2213463,-,-,-,-,m,20,60,43,1,2,6,0
38,1,PFT5.png,PFT,1,1.8215526,-,-,-,-,m,20,60,43,1,2,6,0
38,1,PFT17.png,PFT,-,-,-,-,1,9.3158868,m,20,60,43,1,2,6,0
38,1,PFT15.png,PFT,-,-,1,24.3043941,-,-,m,20,60,43,1,2,6,0
38,1,PFT10.png,PFT,-,-,1,4.6760378,-,-,m,20,60,43,1,2,6,0
38,1,PFT21.png,PFT,-,-,-,-,1,24.8213517,m,20,60,43,1,2,6,0
38,1,PFT9.png,PFT,-,-,1,10.7964282,-,-,m,20,60,43,1,2,6,0
38,1,PFT13.png,PFT,-,-,1,4.4949646,-,-,m,20,60,43,1,2,6,0
38,1,PFT19.png,PFT,-,-,-,-,1,25.840789,m,20,60,43,1,2,6,0
38,1,PFT4.png,PFT,1,2.1687978,-,-,-,-,m,20,60,43,1,2,6,0
38,1,PFT3.png,PFT,1,3.1744773,-,-,-,-,m,20,60,43,1,2,6,0
38,1,PFT11.png,PFT,-,-,1,-,-,-,m,20,60,43,1,2,6,0
38,1,PFT16.png,PFT,-,-,1,16.359974,-,-,m,20,60,43,1,2,6,0
39,1,PFT23.png,PFT,-,-,-,-,0,12.8979314,f,19,55,39,1,2,2,0
39,1,PFT18.png,PFT,-,-,-,-,0,11.8420008,f,19,55,39,1,2,2,0
39,1,PFT7.png,PFT,1,2.4309843,-,-,-,-,f,19,55,39,1,2,2,0
39,1,PFT4.png,PFT,1,7.156887,-,-,-,-,f,19,55,39,1,2,2,0
39,1,PFT9.png,PFT,-,-,0,10.4883011,-,-,f,19,55,39,1,2,2,0
39,1,PFT8.png,PFT,1,3.4326377,-,-,-,-,f,19,55,39,1,2,2,0
39,1,PFT16.png,PFT,-,-,0,7.5330762,-,-,f,19,55,39,1,2,2,0
39,1,PFT13.png,PFT,-,-,1,9.3117146,-,-,f,19,55,39,1,2,2,0
39,1,PFT10.png,PFT,-,-,0,16.0819663,-,-,f,19,55,39,1,2,2,0
39,1,PFT6.png,PFT,1,2.1866668,-,-,-,-,f,19,55,39,1,2,2,0
39,1,PFT24.png,PFT,-,-,-,-,1,8.9390248,f,19,55,39,1,2,2,0
39,1,PFT2.png,PFT,1,8.8149479,-,-,-,-,f,19,55,39,1,2,2,0
39,1,PFT3.png,PFT,1,6.375019,-,-,-,-,f,19,55,39,1,2,2,0
39,1,PFT1.png,PFT,1,3.702609,-,-,-,-,f,19,55,39,1,2,2,0
39,1,PFT19.png,PFT,-,-,-,-,0,18.5037086,f,19,55,39,1,2,2,0
39,1,PFT15.png,PFT,-,-,1,18.7188431,-,-,f,19,55,39,1,2,2,0
39,1,PFT11.png,PFT,-,-,1,23.3459672,-,-,f,19,55,39,1,2,2,0
39,1,PFT17.png,PFT,-,-,-,-,1,5.3958172,f,19,55,39,1,2,2,0
39,1,PFT21.png,PFT,-,-,-,-,0,23.9144713,f,19,55,39,1,2,2,0
39,1,PFT5.png,PFT,1,2.2207152,-,-,-,-,f,19,55,39,1,2,2,0
29,1,PFT17.png,ATT,-,-,-,-,1,12.0708327,f,19,59,39,1,6,7,0
29,1,PFT9.png,ATT,-,-,1,7.2815377,-,-,f,19,59,39,1,6,7,0
29,1,PFT24.png,ATT,-,-,-,-,1,7.3093943,f,19,59,39,1,6,7,0
29,1,PFT8.png,ATT,1,3.0448596,-,-,-,-,f,19,59,39,1,6,7,0
29,1,PFT3.png,ATT,1,1.9849985,-,-,-,-,f,19,59,39,1,6,7,0
29,1,PFT23.png,ATT,-,-,-,-,1,11.5700575,f,19,59,39,1,6,7,0
29,1,PFT6.png,ATT,1,2.7680513,-,-,-,-,f,19,59,39,1,6,7,0
29,1,PFT2.png,ATT,1,2.4185983,-,-,-,-,f,19,59,39,1,6,7,0
29,1,PFT11.png,ATT,-,-,1,4.7204264,-,-,f,19,59,39,1,6,7,0
29,1,PFT10.png,ATT,-,-,1,2.2690325,-,-,f,19,59,39,1,6,7,0
29,1,PFT7.png,ATT,1,1.915966,-,-,-,-,f,19,59,39,1,6,7,0
29,1,PFT16.png,ATT,-,-,1,5.6918696,-,-,f,19,59,39,1,6,7,0
29,1,PFT18.png,ATT,-,-,-,-,1,4.4641812,f,19,59,39,1,6,7,0
29,1,PFT13.png,ATT,-,-,1,2.7247483,-,-,f,19,59,39,1,6,7,0
29,1,PFT21.png,ATT,-,-,-,-,1,7.6928928,f,19,59,39,1,6,7,0
29,1,PFT19.png,ATT,-,-,-,-,1,7.9206365,f,19,59,39,1,6,7,0
29,1,PFT15.png,ATT,-,-,1,18.0680798,-,-,f,19,59,39,1,6,7,0
29,1,PFT5.png,ATT,1,2.1862236,-,-,-,-,f,19,59,39,1,6,7,0
29,1,PFT1.png,ATT,1,1.6977297,-,-,-,-,f,19,59,39,1,6,7,0
29,1,PFT4.png,ATT,1,2.7504229,-,-,-,-,f,19,59,39,1,6,7,0
30,1,PFT6.png,ATT,1,3.039165,-,-,-,-,f,20,43,23,2,6,4,0
30,1,PFT9.png,ATT,-,-,1,7.1186868,-,-,f,20,43,23,2,6,4,0
30,1,PFT11.png,ATT,-,-,1,2.7132474,-,-,f,20,43,23,2,6,4,0
30,1,PFT17.png,ATT,-,-,-,-,1,7.8495345,f,20,43,23,2,6,4,0
30,1,PFT4.png,ATT,1,2.6063071,-,-,-,-,f,20,43,23,2,6,4,0
30,1,PFT5.png,ATT,1,3.6617485,-,-,-,-,f,20,43,23,2,6,4,0
30,1,PFT15.png,ATT,-,-,1,31.3542527,-,-,f,20,43,23,2,6,4,0
30,1,PFT8.png,ATT,1,2.840412,-,-,-,-,f,20,43,23,2,6,4,0
30,1,PFT23.png,ATT,-,-,-,-,1,11.6963633,f,20,43,23,2,6,4,0
30,1,PFT13.png,ATT,-,-,1,2.9438414,-,-,f,20,43,23,2,6,4,0
30,1,PFT21.png,ATT,-,-,-,-,1,11.7951687,f,20,43,23,2,6,4,0
30,1,PFT24.png,ATT,-,-,-,-,1,19.4861549,f,20,43,23,2,6,4,0
30,1,PFT1.png,ATT,1,3.9487227,-,-,-,-,f,20,43,23,2,6,4,0
30,1,PFT10.png,ATT,-,-,1,12.1116925,-,-,f,20,43,23,2,6,4,0
30,1,PFT18.png,ATT,-,-,-,-,1,27.1554899,f,20,43,23,2,6,4,0
30,1,PFT3.png,ATT,1,3.2246607,-,-,-,-,f,20,43,23,2,6,4,0
30,1,PFT2.png,ATT,1,1.7271072,-,-,-,-,f,20,43,23,2,6,4,0
30,1,PFT7.png,ATT,1,5.4102229,-,-,-,-,f,20,43,23,2,6,4,0
30,1,PFT19.png,ATT,-,-,-,-,1,12.1910019,f,20,43,23,2,6,4,0
30,1,PFT16.png,ATT,-,-,1,12.207186,-,-,f,20,43,23,2,6,4,0
16,0,PFT18.png,PFT,-,-,-,-,1,31.5036462,f,19,48,33,1,6,3,0
16,0,PFT19.png,PFT,-,-,-,-,1,29.0925503,f,19,48,33,1,6,3,0
16,0,PFT15.png,PFT,-,-,0,32.588638,-,-,f,19,48,33,1,6,3,0
16,0,PFT8.png,PFT,1,3.1082254,-,-,-,-,f,19,48,33,1,6,3,0
16,0,PFT21.png,PFT,-,-,-,-,1,10.5900115,f,19,48,33,1,6,3,0
16,0,PFT4.png,PFT,1,2.4536225,-,-,-,-,f,19,48,33,1,6,3,0
16,0,PFT7.png,PFT,1,3.2539269,-,-,-,-,f,19,48,33,1,6,3,0
16,0,PFT3.png,PFT,1,2.5199271,-,-,-,-,f,19,48,33,1,6,3,0
16,0,PFT17.png,PFT,-,-,-,-,1,4.1882377,f,19,48,33,1,6,3,0
16,0,PFT9.png,PFT,-,-,1,9.827553,-,-,f,19,48,33,1,6,3,0
16,0,PFT1.png,PFT,1,2.3495567,-,-,-,-,f,19,48,33,1,6,3,0
16,0,PFT6.png,PFT,1,2.6377745,-,-,-,-,f,19,48,33,1,6,3,0
16,0,PFT23.png,PFT,-,-,-,-,0,40.6528574,f,19,48,33,1,6,3,0
16,0,PFT11.png,PFT,-,-,1,17.206582,-,-,f,19,48,33,1,6,3,0
16,0,PFT13.png,PFT,-,-,1,5.8284749,-,-,f,19,48,33,1,6,3,0
16,0,PFT10.png,PFT,-,-,1,10.7358467,-,-,f,19,48,33,1,6,3,0
16,0,PFT16.png,PFT,-,-,1,12.497204,-,-,f,19,48,33,1,6,3,0
16,0,PFT24.png,PFT,-,-,-,-,1,21.0434303,f,19,48,33,1,6,3,0
16,0,PFT5.png,PFT,1,2.7042561,-,-,-,-,f,19,48,33,1,6,3,0
16,0,PFT2.png,PFT,1,1.6336331,-,-,-,-,f,19,48,33,1,6,3,0
17,0,PFT5.png,PFT,1,2.8521261,-,-,-,-,m,20,64,52,1,2,2,0
17,0,PFT4.png,PFT,1,5.1722646,-,-,-,-,m,20,64,52,1,2,2,0
17,0,PFT24.png,PFT,-,-,-,-,1,9.2760766,m,20,64,52,1,2,2,0
17,0,PFT3.png,PFT,1,1.6096253,-,-,-,-,m,20,64,52,1,2,2,0
17,0,PFT17.png,PFT,-,-,-,-,1,2.462102,m,20,64,52,1,2,2,0
17,0,PFT11.png,PFT,-,-,1,11.2481022,-,-,m,20,64,52,1,2,2,0
17,0,PFT8.png,PFT,1,6.1055352,-,-,-,-,m,20,64,52,1,2,2,0
17,0,PFT23.png,PFT,-,-,-,-,1,11.8888896,m,20,64,52,1,2,2,0
17,0,PFT10.png,PFT,-,-,1,1.5754034,-,-,m,20,64,52,1,2,2,0
17,0,PFT18.png,PFT,-,-,-,-,1,24.4672634,m,20,64,52,1,2,2,0
17,0,PFT21.png,PFT,-,-,-,-,1,23.4440246,m,20,64,52,1,2,2,0
17,0,PFT7.png,PFT,1,2.2972122,-,-,-,-,m,20,64,52,1,2,2,0
17,0,PFT2.png,PFT,1,2.6858813,-,-,-,-,m,20,64,52,1,2,2,0
17,0,PFT15.png,PFT,-,-,0,11.3252642,-,-,m,20,64,52,1,2,2,0
17,0,PFT1.png,PFT,1,2.3379544,-,-,-,-,m,20,64,52,1,2,2,0
17,0,PFT13.png,PFT,-,-,1,7.4355286,-,-,m,20,64,52,1,2,2,0
17,0,PFT19.png,PFT,-,-,-,-,1,3.0849648,m,20,64,52,1,2,2,0
17,0,PFT16.png,PFT,-,-,1,6.4130768,-,-,m,20,64,52,1,2,2,0
17,0,PFT9.png,PFT,-,-,1,9.1489839,-,-,m,20,64,52,1,2,2,0
17,0,PFT6.png,PFT,1,5.3966512,-,-,-,-,m,20,64,52,1,2,2,0
8,0,PFT17.png,ATT,-,-,-,-,1,7.8913751,f,23,45,37,2,5,1,1
8,0,PFT16.png,ATT,-,-,0,5.1243509,-,-,f,23,45,37,2,5,1,1
8,0,PFT15.png,ATT,-,-,1,11.2029037,-,-,f,23,45,37,2,5,1,1
8,0,PFT4.png,ATT,1,2.9452974,-,-,-,-,f,23,45,37,2,5,1,1
8,0,PFT18.png,ATT,-,-,-,-,1,11.1360631,f,23,45,37,2,5,1,1
8,0,PFT6.png,ATT,1,2.3303534,-,-,-,-,f,23,45,37,2,5,1,1
8,0,PFT24.png,ATT,-,-,-,-,1,4.3319311,f,23,45,37,2,5,1,1
8,0,PFT13.png,ATT,-,-,1,11.1443779,-,-,f,23,45,37,2,5,1,1
8,0,PFT7.png,ATT,1,2.9928997,-,-,-,-,f,23,45,37,2,5,1,1
8,0,PFT11.png,ATT,-,-,1,8.581705,-,-,f,23,45,37,2,5,1,1
8,0,PFT5.png,ATT,1,2.0972138,-,-,-,-,f,23,45,37,2,5,1,1
8,0,PFT2.png,ATT,1,2.0494714,-,-,-,-,f,23,45,37,2,5,1,1
8,0,PFT1.png,ATT,1,3.0254692,-,-,-,-,f,23,45,37,2,5,1,1
8,0,PFT23.png,ATT,-,-,-,-,0,17.8743842,f,23,45,37,2,5,1,1
8,0,PFT8.png,ATT,1,1.6541077,-,-,-,-,f,23,45,37,2,5,1,1
8,0,PFT9.png,ATT,-,-,1,8.1922199,-,-,f,23,45,37,2,5,1,1
8,0,PFT21.png,ATT,-,-,-,-,1,18.6820498,f,23,45,37,2,5,1,1
8,0,PFT10.png,ATT,-,-,1,3.4322819,-,-,f,23,45,37,2,5,1,1
8,0,PFT3.png,ATT,1,3.9175183,-,-,-,-,f,23,45,37,2,5,1,1
8,0,PFT19.png,ATT,-,-,-,-,1,8.150156,f,23,45,37,2,5,1,1
40,1,PFT17.png,PFT,-,-,-,-,0,28.3245149,f,21,51,41,1,3,3,0
40,1,PFT1.png,PFT,0,3.8764735,-,-,-,-,f,21,51,41,1,3,3,0
40,1,PFT16.png,PFT,-,-,1,15.3522968,-,-,f,21,51,41,1,3,3,0
40,1,PFT9.png,PFT,-,-,1,2.2021407,-,-,f,21,51,41,1,3,3,0
40,1,PFT3.png,PFT,0,4.6726838,-,-,-,-,f,21,51,41,1,3,3,0
40,1,PFT2.png,PFT,1,-,-,-,-,-,f,21,51,41,1,3,3,0
40,1,PFT8.png,PFT,1,-,-,-,-,-,f,21,51,41,1,3,3,0
40,1,PFT18.png,PFT,-,-,-,-,0,35.8519703,f,21,51,41,1,3,3,0
40,1,PFT13.png,PFT,-,-,1,16.942438,-,-,f,21,51,41,1,3,3,0
40,1,PFT19.png,PFT,-,-,-,-,0,12.3827102,f,21,51,41,1,3,3,0
40,1,PFT7.png,PFT,1,4.1350447,-,-,-,-,f,21,51,41,1,3,3,0
40,1,PFT21.png,PFT,-,-,-,-,0,5.5424491,f,21,51,41,1,3,3,0
40,1,PFT10.png,PFT,-,-,1,4.1742569,-,-,f,21,51,41,1,3,3,0
40,1,PFT23.png,PFT,-,-,-,-,0,5.8093521,f,21,51,41,1,3,3,0
40,1,PFT15.png,PFT,-,-,1,28.064323,-,-,f,21,51,41,1,3,3,0
40,1,PFT5.png,PFT,1,2.2892668,-,-,-,-,f,21,51,41,1,3,3,0
40,1,PFT4.png,PFT,1,4.5257606,-,-,-,-,f,21,51,41,1,3,3,0
40,1,PFT6.png,PFT,1,3.3113291,-,-,-,-,f,21,51,41,1,3,3,0
40,1,PFT24.png,PFT,-,-,-,-,1,20.2587128,f,21,51,41,1,3,3,0
40,1,PFT11.png,PFT,-,-,1,8.4468038,-,-,f,21,51,41,1,3,3,0
18,0,PFT6.png,PFT,1,2.312325,-,-,-,-,f,19,56,41,2,6,5,0
18,0,PFT11.png,PFT,-,-,1,3.1001231,-,-,f,19,56,41,2,6,5,0
18,0,PFT5.png,PFT,1,1.7493279,-,-,-,-,f,19,56,41,2,6,5,0
18,0,PFT19.png,PFT,-,-,-,-,1,14.0342673,f,19,56,41,2,6,5,0
18,0,PFT21.png,PFT,-,-,-,-,1,20.205295,f,19,56,41,2,6,5,0
18,0,PFT4.png,PFT,1,1.5814635,-,-,-,-,f,19,56,41,2,6,5,0
18,0,PFT2.png,PFT,1,1.7780222,-,-,-,-,f,19,56,41,2,6,5,0
18,0,PFT10.png,PFT,-,-,1,2.7749104,-,-,f,19,56,41,2,6,5,0
18,0,PFT9.png,PFT,-,-,1,10.4545958,-,-,f,19,56,41,2,6,5,0
18,0,PFT1.png,PFT,1,1.6107619,-,-,-,-,f,19,56,41,2,6,5,0
18,0,PFT16.png,PFT,-,-,0,2.7341145,-,-,f,19,56,41,2,6,5,0
18,0,PFT18.png,PFT,-,-,-,-,1,22.3579528,f,19,56,41,2,6,5,0
18,0,PFT3.png,PFT,1,1.3885619,-,-,-,-,f,19,56,41,2,6,5,0
18,0,PFT13.png,PFT,-,-,0,5.523419,-,-,f,19,56,41,2,6,5,0
18,0,PFT15.png,PFT,-,-,1,-,-,-,f,19,56,41,2,6,5,0
18,0,PFT7.png,PFT,1,2.1813697,-,-,-,-,f,19,56,41,2,6,5,0
18,0,PFT17.png,PFT,-,-,-,-,1,3.2185021,f,19,56,41,2,6,5,0
18,0,PFT23.png,PFT,-,-,-,-,1,5.2113449,f,19,56,41,2,6,5,0
18,0,PFT8.png,PFT,1,1.5554085,-,-,-,-,f,19,56,41,2,6,5,0
18,0,PFT24.png,PFT,-,-,-,-,1,3.636347,f,19,56,41,2,6,5,0
9,0,PFT5.png,ATT,1,1.3655134,-,-,-,-,f,19,47,40,2,5,5,0
9,0,PFT2.png,ATT,1,1.3862314,-,-,-,-,f,19,47,40,2,5,5,0
9,0,PFT21.png,ATT,-,-,-,-,1,6.7259927,f,19,47,40,2,5,5,0
9,0,PFT4.png,ATT,1,1.2443635,-,-,-,-,f,19,47,40,2,5,5,0
9,0,PFT3.png,ATT,1,1.768511,-,-,-,-,f,19,47,40,2,5,5,0
9,0,PFT13.png,ATT,-,-,1,13.4568758,-,-,f,19,47,40,2,5,5,0
9,0,PFT8.png,ATT,1,1.3539171,-,-,-,-,f,19,47,40,2,5,5,0
9,0,PFT23.png,ATT,-,-,-,-,1,5.8315085,f,19,47,40,2,5,5,0
9,0,PFT9.png,ATT,-,-,1,12.873678,-,-,f,19,47,40,2,5,5,0
9,0,PFT11.png,ATT,-,-,1,7.2674128,-,-,f,19,47,40,2,5,5,0
9,0,PFT15.png,ATT,-,-,1,10.6912692,-,-,f,19,47,40,2,5,5,0
9,0,PFT6.png,ATT,1,2.2828095,-,-,-,-,f,19,47,40,2,5,5,0
9,0,PFT24.png,ATT,-,-,-,-,1,6.0993054,f,19,47,40,2,5,5,0
9,0,PFT18.png,ATT,-,-,-,-,1,16.9031573,f,19,47,40,2,5,5,0
9,0,PFT7.png,ATT,1,1.382913,-,-,-,-,f,19,47,40,2,5,5,0
9,0,PFT19.png,ATT,-,-,-,-,1,6.2438814,f,19,47,40,2,5,5,0
9,0,PFT16.png,ATT,-,-,1,6.2010803,-,-,f,19,47,40,2,5,5,0
9,0,PFT1.png,ATT,1,1.2859733,-,-,-,-,f,19,47,40,2,5,5,0
9,0,PFT17.png,ATT,-,-,-,-,1,4.6556414,f,19,47,40,2,5,5,0
9,0,PFT10.png,ATT,-,-,1,2.8404406,-,-,f,19,47,40,2,5,5,0
19,0,PFT21.png,PFT,-,-,-,-,1,43.8376245,f,18,53,46,1,2,4,0
19,0,PFT1.png,PFT,1,10.5802117,-,-,-,-,f,18,53,46,1,2,4,0
19,0,PFT11.png,PFT,-,-,1,34.8398561,-,-,f,18,53,46,1,2,4,0
19,0,PFT9.png,PFT,-,-,0,17.9147428,-,-,f,18,53,46,1,2,4,0
19,0,PFT4.png,PFT,1,2.6863214,-,-,-,-,f,18,53,46,1,2,4,0
19,0,PFT19.png,PFT,-,-,-,-,1,17.4119735,f,18,53,46,1,2,4,0
19,0,PFT13.png,PFT,-,-,1,14.4652699,-,-,f,18,53,46,1,2,4,0
19,0,PFT7.png,PFT,1,4.6731373,-,-,-,-,f,18,53,46,1,2,4,0
19,0,PFT24.png,PFT,-,-,-,-,1,-,f,18,53,46,1,2,4,0
19,0,PFT10.png,PFT,-,-,1,17.6132342,-,-,f,18,53,46,1,2,4,0
19,0,PFT3.png,PFT,1,5.2484472,-,-,-,-,f,18,53,46,1,2,4,0
19,0,PFT17.png,PFT,-,-,-,-,1,17.8670352,f,18,53,46,1,2,4,0
19,0,PFT8.png,PFT,1,2.9697514,-,-,-,-,f,18,53,46,1,2,4,0
19,0,PFT6.png,PFT,1,6.8651868,-,-,-,-,f,18,53,46,1,2,4,0
19,0,PFT15.png,PFT,-,-,0,-,-,-,f,18,53,46,1,2,4,0
19,0,PFT16.png,PFT,-,-,0,-,-,-,f,18,53,46,1,2,4,0
19,0,PFT23.png,PFT,-,-,-,-,1,-,f,18,53,46,1,2,4,0
19,0,PFT18.png,PFT,-,-,-,-,1,-,f,18,53,46,1,2,4,0
19,0,PFT2.png,PFT,1,5.5684693,-,-,-,-,f,18,53,46,1,2,4,0
19,0,PFT5.png,PFT,1,5.4860492,-,-,-,-,f,18,53,46,1,2,4,0
10,0,PFT17.png,ATT,-,-,-,-,1,14.9288513,f,23,50,31,1,5,5,0
10,0,PFT8.png,ATT,1,3.1897876,-,-,-,-,f,23,50,31,1,5,5,0
10,0,PFT7.png,ATT,1,4.1111828,-,-,-,-,f,23,50,31,1,5,5,0
10,0,PFT21.png,ATT,-,-,-,-,0,10.9521057,f,23,50,31,1,5,5,0
10,0,PFT11.png,ATT,-,-,1,16.5863877,-,-,f,23,50,31,1,5,5,0
10,0,PFT13.png,ATT,-,-,1,5.7287796,-,-,f,23,50,31,1,5,5,0
10,0,PFT6.png,ATT,1,3.8166307,-,-,-,-,f,23,50,31,1,5,5,0
10,0,PFT10.png,ATT,-,-,0,6.6899394,-,-,f,23,50,31,1,5,5,0
10,0,PFT24.png,ATT,-,-,-,-,1,11.3297546,f,23,50,31,1,5,5,0
10,0,PFT2.png,ATT,1,5.330254,-,-,-,-,f,23,50,31,1,5,5,0
10,0,PFT15.png,ATT,-,-,1,13.1966963,-,-,f,23,50,31,1,5,5,0
10,0,PFT5.png,ATT,1,1.6236373,-,-,-,-,f,23,50,31,1,5,5,0
10,0,PFT19.png,ATT,-,-,-,-,1,9.6745409,f,23,50,31,1,5,5,0
10,0,PFT16.png,ATT,-,-,1,15.7328199,-,-,f,23,50,31,1,5,5,0
10,0,PFT18.png,ATT,-,-,-,-,1,15.7671113,f,23,50,31,1,5,5,0
10,0,PFT1.png,ATT,1,3.5755904,-,-,-,-,f,23,50,31,1,5,5,0
10,0,PFT9.png,ATT,-,-,1,10.9450893,-,-,f,23,50,31,1,5,5,0
10,0,PFT23.png,ATT,-,-,-,-,0,7.5386543,f,23,50,31,1,5,5,0
10,0,PFT4.png,ATT,1,3.1426157,-,-,-,-,f,23,50,31,1,5,5,0
10,0,PFT3.png,ATT,1,3.5926298,-,-,-,-,f,23,50,31,1,5,5,0
20,0,PFT11.png,PFT,-,-,1,3.6673464,-,-,f,19,52,25,1,3,2,0
20,0,PFT6.png,PFT,1,2.1397735,-,-,-,-,f,19,52,25,1,3,2,0
20,0,PFT7.png,PFT,1,3.2694069,-,-,-,-,f,19,52,25,1,3,2,0
20,0,PFT8.png,PFT,1,2.7267657,-,-,-,-,f,19,52,25,1,3,2,0
20,0,PFT1.png,PFT,1,3.7487963,-,-,-,-,f,19,52,25,1,3,2,0
20,0,PFT9.png,PFT,-,-,0,20.0807944,-,-,f,19,52,25,1,3,2,0
20,0,PFT18.png,PFT,-,-,-,-,1,22.1815868,f,19,52,25,1,3,2,0
20,0,PFT24.png,PFT,-,-,-,-,0,6.7550153,f,19,52,25,1,3,2,0
20,0,PFT17.png,PFT,-,-,-,-,1,5.4806754,f,19,52,25,1,3,2,0
20,0,PFT5.png,PFT,1,2.1396066,-,-,-,-,f,19,52,25,1,3,2,0
20,0,PFT3.png,PFT,1,1.6589213,-,-,-,-,f,19,52,25,1,3,2,0
20,0,PFT13.png,PFT,-,-,1,2.2654294,-,-,f,19,52,25,1,3,2,0
20,0,PFT16.png,PFT,-,-,1,5.9173864,-,-,f,19,52,25,1,3,2,0
20,0,PFT10.png,PFT,-,-,0,12.506556,-,-,f,19,52,25,1,3,2,0
20,0,PFT2.png,PFT,1,2.3316633,-,-,-,-,f,19,52,25,1,3,2,0
20,0,PFT4.png,PFT,1,3.6759352,-,-,-,-,f,19,52,25,1,3,2,0
20,0,PFT23.png,PFT,-,-,-,-,1,11.5492262,f,19,52,25,1,3,2,0
20,0,PFT21.png,PFT,-,-,-,-,1,16.3965839,f,19,52,25,1,3,2,0
20,0,PFT15.png,PFT,-,-,1,11.1214401,-,-,f,19,52,25,1,3,2,0
20,0,PFT19.png,PFT,-,-,-,-,0,25.8646439,f,19,52,25,1,3,2,0
